"","p_val","avg_log2FC","pct.1","pct.2","p_val_adj"
"Fn1",1.79752534808016e-120,1.08585286658047,0.932,0.006,3.97486780220966e-116
"Saa3",5.11406422760892e-113,-1.68211164590187,0.025,0.982,1.13087302265116e-108
"Ccl6",2.89216267542408e-111,1.11220210328656,0.916,0.018,6.39543932416528e-107
"Cd74",5.94560785002482e-98,1.15202955010767,0.969,0.066,1.31475226387599e-93
"Gcat",2.35081239058752e-67,-0.691772253052572,0.074,0.771,5.19835143930617e-63
"Cebpb",5.11491862801228e-67,0.806137040784971,0.864,0.102,1.13106195621235e-62
"Wfdc17",3.86107776698556e-62,0.801593539020657,0.644,0.018,8.53800126613516e-58
"Cln6",2.35519288170767e-61,-0.701263702029869,0.04,0.699,5.20803801932017e-57
"Ier3",4.10047079038942e-58,0.626639258721138,1,0.991,9.06737105878813e-54
"Nusap1",6.53575968169735e-58,-0.624457308787893,0.22,0.925,1.44525253841373e-53
"Hap1",1.5591889071672e-57,-0.640825318674942,0.142,0.774,3.44783443041883e-53
"Espn",2.32443957006609e-57,0.486849134915542,0.997,0.97,5.14003322128714e-53
"Plk1",7.16886669395037e-56,-0.660177381100159,0.034,0.645,1.58525149203325e-51
"Cenps",1.78674235201855e-55,-0.654724640788738,0.077,0.714,3.95102336301861e-51
"Hilpda",3.08179145168765e-54,0.720507004596475,1,0.988,6.81476543711691e-50
"Cenpm",3.23141049013318e-54,-0.663218740306778,0.164,0.81,7.1456180168315e-50
"Igf1r",3.85396902573133e-54,0.68337898562403,0.783,0.13,8.52228170659968e-50
"Cdc20",4.94160257943692e-54,-0.716114112967332,0.043,0.651,1.09273657839089e-49
"Knl1",2.79311455827162e-53,-0.702635915315316,0.046,0.657,6.17641422270603e-49
"Ankrd37",1.62495996123067e-52,0.688856165044645,0.607,0.033,3.59327396226937e-48
"Noct",2.20732598025061e-52,0.656001996521702,0.656,0.054,4.88105994012817e-48
"Ctss",2.84663811888222e-52,0.746579015861805,0.923,0.175,6.29477087228424e-48
"Ncam1",3.25556875653691e-52,0.602306641943432,0.963,0.389,7.19903919133006e-48
"Nacc2",9.50674962257037e-52,-0.583136771149594,0.118,0.723,2.10222754403899e-47
"Gm16062",8.32969372470895e-51,-0.616474452989395,0.028,0.59,1.84194517334489e-46
"Gadd45g",3.80528644665446e-49,0.709581137790406,0.811,0.136,8.41462991948701e-45
"Cask",1.30449906038315e-48,0.599076485267019,0.635,0.066,2.88463877222526e-44
"Gsta2",6.94176728467501e-48,-0.39705246635722,0.994,0.994,1.53503299966018e-43
"Cttnbp2",1.07480826609434e-47,-0.58242248208904,0.127,0.693,2.37672351881442e-43
"Gm42418",5.90764314259671e-47,1.29702372917188,1,1,1.30635712812241e-42
"Gm10639",1.02280232830169e-46,-0.536503045292257,0.347,0.895,2.26172278857352e-42
"Rnf19b",2.01402666227282e-46,0.903301558606654,0.752,0.127,4.45361715828389e-42
"Rad51ap1",5.46856168024162e-46,-0.587748690388553,0.124,0.708,1.20926304435183e-41
"F3",8.29854760681744e-46,0.642936235587237,0.498,0.012,1.83505783229554e-41
"Cck",2.41987121409917e-44,-0.578788128619244,0.214,0.792,5.3510612157375e-40
"Slc11a2",3.46887948934018e-44,-0.53376256139672,0.167,0.753,7.67073321477795e-40
"Slc25a10",3.53866246828847e-44,-0.52988338349855,0.09,0.627,7.8250443161263e-40
"Cdkn3",5.02333954442911e-44,-0.552597150528532,0.285,0.867,1.11081107345961e-39
"Cdkn1a",1.37791368668054e-43,0.410255501821383,1,0.997,3.04698053535668e-39
"Aaas",4.09550033665518e-43,-0.571013934399506,0.161,0.72,9.0563798944456e-39
"Ccdc167",5.0989642901474e-43,-0.566478034066198,0.115,0.684,1.1275339734803e-38
"Enho",5.49056384805522e-43,-0.313625255101707,0.997,0.994,1.21412838372045e-38
"Arg1",1.06013838200788e-42,0.871049472677255,0.461,0.006,2.34428400413404e-38
"Trib1",1.17346972095383e-42,0.612538745073581,0.601,0.066,2.59489359394521e-38
"Tacc3",1.28343565094434e-42,-0.567936333028827,0.319,0.873,2.83806125493321e-38
"Plek",1.4713723982404e-42,0.505252492844568,0.935,0.223,3.253645784229e-38
"Cd68",5.06130533053583e-42,0.636420879663789,0.517,0.03,1.11920644774139e-37
"Dlc1",1.66969945668642e-41,0.416313754490915,0.997,0.973,3.69220640857069e-37
"Spc25",7.0016199621382e-41,-0.482148422944671,0.384,0.925,1.54826822222762e-36
"Sdc4",1.43838807479193e-40,0.368674346480675,0.997,0.964,3.18070754978739e-36
"Cpeb2",1.50383340276526e-40,0.508774091494141,0.616,0.078,3.32542680353483e-36
"Ero1l",3.05189435691036e-40,0.564027443512292,1,0.997,6.74865399143588e-36
"Sdsl",2.75209783400843e-39,-0.498245170411377,0.238,0.756,6.08571394034284e-35
"Gsdme",2.9823283687553e-39,-0.5731802175011,0.121,0.627,6.5948227218286e-35
"Cxcl2",7.52656523697055e-39,0.992789487232284,1,0.97,1.6643493708513e-34
"Kdm4b",7.61804953208159e-39,0.547109523288192,0.619,0.087,1.6845792930292e-34
"H2-Ab1",1.23881920698964e-38,0.851203987239889,0.511,0.042,2.7394009124162e-34
"Snx18",1.78198823766954e-38,0.601840269715498,0.817,0.181,3.94051058995864e-34
"Car6",2.02194130088346e-38,-0.388478422066288,0.994,0.994,4.47111879864359e-34
"Mlana",4.15765289489514e-38,-0.600188609972162,1,1,9.19381784648161e-34
"Comtd1",6.51297368166356e-38,-0.403957574822615,0.985,0.988,1.44021387022626e-33
"Dbi",9.07772487442814e-38,-0.515314063531313,1,1,2.00735730148229e-33
"Foxm1",9.56718188997938e-38,-0.490612823951049,0.263,0.789,2.11559093133114e-33
"Rnd2",1.23450460647242e-37,-0.483609824042981,0.22,0.735,2.72986003629245e-33
"Tpd52",5.32643605325706e-37,0.401264676981464,1,0.994,1.17783480445673e-32
"Aire",5.56031378119409e-37,0.54801116341581,0.734,0.232,1.22955218643545e-32
"Ckap2l",9.00247625831831e-36,-0.545313424068156,0.028,0.464,1.99071757500193e-31
"Gys1",9.52292678154478e-36,0.345873088792918,0.994,0.973,2.105804799203e-31
"Hint1",2.11198812098551e-35,-0.474689596542706,1,1,4.67023933193527e-31
"Smarcd1",2.37769312439159e-35,-0.300092450473407,0.997,0.991,5.25779280596713e-31
"Errfi1",3.14031828033223e-35,0.618987028180278,0.693,0.136,6.94418581329866e-31
"Fstl1",4.53535426627176e-35,0.468960706913962,0.458,0.039,1.00290288890067e-30
"Lgals3",6.04881267471318e-35,0.740927814905491,1,0.985,1.33757394675933e-30
"Incenp",6.19147087819744e-35,-0.497447112802898,0.337,0.898,1.3691199552958e-30
"Ccdc34",7.44175200768483e-35,-0.365211418013579,0.988,0.994,1.64559462145935e-30
"Cryab",9.20782089231012e-35,-0.38976572484846,0.997,0.994,2.03612543391654e-30
"Bmyc",1.27826433526227e-34,-0.337980733583497,0.997,0.994,2.82662592456545e-30
"Nme6",1.6611236831445e-34,-0.487366074858877,0.142,0.617,3.67324280053744e-30
"Sord",2.18956730081163e-34,-0.461620820269923,0.211,0.702,4.84179017228476e-30
"Ptges2",3.4200651775861e-34,-0.497378947004454,0.229,0.711,7.56279012719614e-30
"Fem1c",6.39190008250208e-34,0.631209998080238,0.653,0.127,1.41344086524368e-29
"Stmn1",2.56725565094787e-33,-0.49670103857201,1,1,5.67697242094101e-29
"Itprid2",2.71607821641722e-33,0.559023235746579,0.632,0.148,6.0060637599634e-29
"Mxi1",3.02902851957232e-33,0.57016379335178,1,0.982,6.69809076533027e-29
"Babam1",3.33954715862208e-33,-0.433588341509328,0.988,1,7.384740631861e-29
"Prim1",8.69197379306453e-33,-0.47928928873816,0.288,0.789,1.92205616486036e-28
"Abhd18",1.01935536557596e-32,0.418590777429929,0.907,0.431,2.25410051989812e-28
"Filip1l",1.08101665346834e-32,0.545694520149935,0.663,0.133,2.39045212581455e-28
"Surf6",1.2407667037315e-32,-0.46137460556826,0.257,0.768,2.74370741196147e-28
"Birc5",2.23609973964953e-32,-0.44891290939152,0.997,1,4.944687354287e-28
"Agpat2",3.00001813726298e-32,-0.472871411399517,0.251,0.732,6.63394010692963e-28
"Emp1",3.26086784118959e-32,0.584279483338938,0.675,0.151,7.21075705722254e-28
"Arhgap12",3.64349445982633e-32,0.451626776182786,0.672,0.169,8.05685929901397e-28
"Sav1",6.61631745042737e-32,0.472963871303951,0.74,0.262,1.46306627781301e-27
"Fez2",9.85711159327657e-32,0.532589957480548,0.464,0.048,2.17970308662125e-27
"Cdk5",1.02697352948551e-31,-0.480129255308019,0.198,0.669,2.27094656575131e-27
"Uqcr10",1.18567393369708e-31,-0.496425633200902,1,1,2.62188076958435e-27
"P4ha1",2.31882668324676e-31,0.471611033223611,1,0.988,5.12762144466355e-27
"Cmss1",2.38079552745601e-31,1.02276852725354,1,1,5.26465314986348e-27
"Trib3",4.11572960575636e-31,-0.516573528627102,0.015,0.386,9.10111287720904e-27
"Ndufs6",4.38135067949871e-31,-0.360594755479728,1,1,9.68848075757549e-27
"Uap1l1",4.87497971764112e-31,-0.289086489770469,0.997,0.994,1.07800426496198e-26
"Bnip3",1.10386152324438e-30,0.38962430794069,1,1,2.44096898635029e-26
"Lonrf1",2.31103263773471e-30,0.476441128572365,0.406,0.027,5.11038647182277e-26
"Rangap1",2.71302787247763e-30,-0.406044055494472,1,1,5.99931853440978e-26
"Aebp1",3.05083633413738e-30,-0.308274226767307,1,0.997,6.74631438567799e-26
"Bnip1",3.50815354238166e-30,0.519508576988086,0.613,0.163,7.75757992826857e-26
"Gpc6",3.98068931072734e-30,0.443306348080908,0.384,0.021,8.80249827281137e-26
"Rnf149",4.53276893054801e-30,0.508632291029407,0.728,0.244,1.00233119361208e-25
"Ctsh",5.74552551124238e-30,0.636551190685681,0.378,0.018,1.27050805630103e-25
"Cox7a2",7.78136649405027e-30,-0.434504182541538,1,1,1.72069357282934e-25
"Fzr1",1.02677230772108e-29,-0.448755450317137,0.316,0.798,2.27050160406363e-25
"P3h3",1.89120654461524e-29,0.484506258435941,0.632,0.193,4.18202503210769e-25
"Selenoh",1.94819775355082e-29,-0.401027574001468,1,1,4.30804969242693e-25
"Ndufaf2",2.0076617531983e-29,-0.332880764397588,0.988,0.988,4.4395424348474e-25
"Myof",2.10832108539093e-29,0.42838808906251,0.359,0.015,4.66213041612497e-25
"Lmo4",2.50843638143701e-29,-0.283965394862249,0.991,0.982,5.54690537027166e-25
"Uqcc2",2.60147159209227e-29,-0.337675143207866,1,1,5.75263413159364e-25
"Ndufa4",3.37694232411336e-29,-0.450233717654775,1,1,7.46743256131187e-25
"Ptgds",5.11669845237647e-29,-0.569049816211202,1,1,1.13145552877401e-24
"Fbln1",5.73728584301031e-29,-0.274166372447042,0.988,0.979,1.26868601846487e-24
"Syngr1",6.1869725420253e-29,-0.410329651128863,1,0.997,1.36812523821805e-24
"Rgcc",6.61928592680067e-29,0.45161374188222,0.74,0.196,1.46372269699343e-24
"Slc24a5",8.52817163421432e-29,-0.338461853627487,0.997,0.994,1.88583459347381e-24
"Sox10",9.50140687309066e-29,-0.284536275710673,1,0.994,2.10104610184654e-24
"Bfsp2",9.66199508771274e-29,-0.288620545108189,0.966,0.976,2.13655697374592e-24
"Trpm1",1.34867794099536e-28,-0.351067882119702,0.997,0.997,2.98233153092305e-24
"Gphn",3.1998432888256e-28,1.08465755323272,1,0.997,7.07581346458005e-24
"Cenpe",3.25996134336273e-28,-0.388374064220325,0.458,0.901,7.208752518578e-24
"Anln",4.75915862587293e-28,-0.445296129734639,0.229,0.681,1.05239274693928e-23
"Creb5",5.16120497164654e-28,0.350972071181369,0.994,0.97,1.1412972553802e-23
"Gm10863",6.09606446821472e-28,-0.414120817114558,0.26,0.714,1.34802273585632e-23
"Rpl35",1.25156548473532e-27,-0.496127929714008,1,1,2.76758675639521e-23
"Kctd12",2.01503671826779e-27,0.347432989220092,0.588,0.12,4.45585069510556e-23
"Cst6",2.29098457607515e-27,-0.285577979332952,0.994,0.994,5.06605419307497e-23
"Fah",2.41838046750582e-27,-0.436417856023404,0.461,0.867,5.34776472779562e-23
"Tmem256",4.70211610934661e-27,-0.301493886611267,1,1,1.03977893525981e-22
"Selenbp1",5.94258210231368e-27,0.270189781568905,0.994,0.955,1.31408318028462e-22
"Bc1",6.86878259878749e-27,-0.264479108887622,0.997,0.994,1.51889389606988e-22
"Ndufb2",8.09146143956244e-27,-0.305759809247662,1,1,1.78926486813044e-22
"Prdx1",9.83148849598735e-27,-0.385450698635497,1,1,2.17403705111768e-22
"Orai3",1.06480610036859e-26,-0.400743996902738,0.207,0.648,2.35460572974507e-22
"Esrra",1.10379341098536e-26,0.472608483929106,0.474,0.081,2.44081836971193e-22
"Ubxn8",1.33432581733221e-26,-0.427801375505688,0.319,0.768,2.95059467986671e-22
"Ino80b",1.43203571511349e-26,-0.363426050677208,0.991,0.991,3.16666057683045e-22
"Coq4",1.64506437142794e-26,-0.407809900318221,0.266,0.705,3.63773084453861e-22
"Itgb3bp",2.12893119567745e-26,-0.321906092355073,0.985,0.985,4.70770555300155e-22
"Fkbp4",3.61780025370005e-26,-0.358351727269964,1,1,8.00004170100691e-22
"Fdps",3.68982700011271e-26,-0.304183270178887,0.997,1,8.15931444534925e-22
"Mgll",4.92852638761909e-26,-0.344343481474829,0.994,0.976,1.08984504009421e-21
"Trim25",5.58453081484403e-26,0.568249134755044,0.817,0.413,1.23490729908646e-21
"Cpox",7.55523307631343e-26,0.378959249768599,0.427,0.057,1.67068869016519e-21
"Lmf2",8.05194596705254e-26,-0.435031369053246,0.294,0.738,1.78052681169433e-21
"Scrn1",1.30841405135377e-25,-0.272464728407407,0.997,0.994,2.8932959917586e-21
"Slc25a39",1.54286292826345e-25,-0.301973447767712,1,1,3.41173279326898e-21
"Fam129b",1.74931502395295e-25,0.379295277387109,0.588,0.169,3.86826031246716e-21
"Brca1",1.96683034066117e-25,-0.300118235608002,1,0.997,4.34925193230405e-21
"B9d1",2.04966428656686e-25,-0.40180005345664,0.328,0.738,4.53242263688529e-21
"Ndufa5",2.12876277187284e-25,-0.315777639707405,1,1,4.70733311744241e-21
"Tspan10",2.57718138750458e-25,-0.275242858961898,0.997,0.994,5.69892120218887e-21
"Plekha2",2.99781128774759e-25,0.461998781351714,0.907,0.355,6.62906010059625e-21
"Nudt16l1",3.14622083063977e-25,-0.257301363145742,0.997,1,6.95723812279371e-21
"Lars2",4.00396175467169e-25,0.984447311069244,1,0.985,8.85396062810551e-21
"Hmmr",4.24107832701342e-25,-0.419542752232081,0.551,0.925,9.37829650452478e-21
"Myo9a",4.35913918592085e-25,0.469888982575514,0.693,0.268,9.63936448182678e-21
"Ier5",4.73741188896684e-25,0.529874072326063,0.805,0.265,1.04758389100724e-20
"Gbe1",8.77271887568972e-25,0.417803051256163,0.997,0.982,1.93991132498127e-20
"Cycs",1.53098905665207e-24,-0.362623074296082,1,1,3.38547610097473e-20
"Acsl4",2.47615945887404e-24,0.522069505150735,0.734,0.289,5.47553141140816e-20
"Arl2",3.18229718578368e-24,-0.260909704346013,0.997,0.997,7.03701376692345e-20
"Ndufc1",3.24872404483301e-24,-0.323281992359737,1,1,7.18390348033925e-20
"Gm29904",3.39011961814968e-24,-0.393154540434424,0.043,0.367,7.4965715116144e-20
"Polr2i",4.18600067054192e-24,-0.339462295119402,0.997,0.994,9.25650328276934e-20
"Ubtd1",4.25081702254195e-24,-0.331314888466463,0.282,0.708,9.39983168194702e-20
"Egln1",4.87934833758859e-24,0.320039661071446,1,1,1.07897029789096e-19
"Bag2",5.42353671561877e-24,0.418767001676901,0.421,0.075,1.19930667392478e-19
"Ndufa12",5.66706808293534e-24,-0.345137256966888,1,1,1.25315876517949e-19
"Slc2a1",8.22139017000391e-24,0.431885195645163,1,0.976,1.81799600829296e-19
"Pebp1",8.7409746262832e-24,-0.350026905098022,1,1,1.93289171911e-19
"Ganc",1.13985351814158e-23,-0.409926841330323,0.276,0.696,2.52055808466648e-19
"Lrrk1",1.23187171769663e-23,0.618433002445032,0.641,0.178,2.72403792934257e-19
"Stard13",1.67543414673767e-23,-0.341114119497678,0.124,0.494,3.70488752868101e-19
"Hs1bp3",2.18974020938687e-23,-0.421931008562874,0.297,0.69,4.84217252501719e-19
"Bhlhe40",2.19410448494766e-23,0.536722344797855,1,0.997,4.85182324756477e-19
"Fasn",2.34349793965838e-23,-0.250622530771951,0.991,0.985,5.18217699396657e-19
"S100a1",2.75946603718761e-23,-0.290178033106883,0.997,0.994,6.10200724803297e-19
"Mfsd5",3.09520035232267e-23,-0.281897806700664,0.988,0.991,6.84441653909112e-19
"Ikbip",3.27141255790107e-23,0.355395655124054,0.576,0.181,7.23407458928664e-19
"Abcc1",5.36323521225267e-23,0.483102258095931,0.802,0.383,1.18597220248543e-18
"Mid1ip1",6.38216501751977e-23,-0.31302254166547,0.189,0.602,1.41128815032415e-18
"Ldhb",6.61083663013643e-23,-0.369659975575977,1,0.997,1.46185430402207e-18
"Cort",7.71811015459726e-23,-0.349562435257939,0.384,0.774,1.70670569848609e-18
"Zfand2b",9.81508834178455e-23,-0.436014781577345,0.337,0.738,2.17041048501882e-18
"Cubn",1.03557266127979e-22,-0.402303424011678,0.139,0.506,2.289961825888e-18
"Tpd52l1",1.28600765593418e-22,-0.27350880860663,0.988,0.982,2.84374872956725e-18
"Afmid",1.45714242600996e-22,-0.306941072468632,0.204,0.62,3.22217904663583e-18
"Ndufs5",1.51408580993333e-22,-0.306732061958902,1,1,3.34809795150557e-18
"Cox5b",2.05635013949793e-22,-0.35965827813311,1,1,4.54720706347177e-18
"Ssna1",2.11258138580031e-22,-0.331886783989257,0.985,0.994,4.67155121842023e-18
"Adamts1",2.56726171569532e-22,0.274314969333652,0.994,0.976,5.67698583191707e-18
"Atp5j2",2.92564209010058e-22,-0.366880938125532,1,1,6.46947235383941e-18
"1110038F14Rik",3.02219867927554e-22,-0.294943089285211,0.991,0.994,6.68298793948201e-18
"Zdhhc2",3.33948818068262e-22,-0.3034545283842,0.325,0.774,7.38461021394349e-18
"Tmem144",3.4076670815954e-22,-0.334458158570962,0.251,0.642,7.53537421753192e-18
"Fxn",4.46468376576204e-22,-0.309231873693202,0.988,0.991,9.87275521122959e-18
"Cd274",5.50904483016396e-22,0.563823858931287,0.638,0.184,1.21821508329416e-17
"Sppl2b",6.4214677273459e-22,-0.377125563161901,0.198,0.578,1.419979158548e-17
"Serf1",9.06282281371757e-22,-0.279609831458378,0.567,0.91,2.00406200879737e-17
"Pck2",9.37552709892961e-22,-0.327212186861804,0.043,0.361,2.07321030738631e-17
"Slc24a4",9.84749527043152e-22,-0.426970872953831,0.102,0.44,2.17757662915052e-17
"Kdm3a",1.02022041740246e-21,0.442347268743017,0.997,0.979,2.25601340900205e-17
"1700037H04Rik",1.08411721075166e-21,-0.282279018234362,0.347,0.765,2.39730838813514e-17
"App",1.10432298874672e-21,0.341304776514101,1,0.994,2.44198942501562e-17
"Atp6v0c",1.20943589123022e-21,-0.351013597071558,1,1,2.67442558627739e-17
"Slc38a7",1.42188193610103e-21,-0.395566304563474,0.022,0.304,3.14420752530021e-17
"Col1a2",1.96648504666799e-21,0.459399729554873,0.341,0.039,4.34848838369692e-17
"Ndufb9",2.00488859958281e-21,-0.344395095506073,1,1,4.43341016025746e-17
"Tmem223",3.00451682468366e-21,-0.250800786761195,0.988,0.985,6.64388805442297e-17
"Chsy3",3.5194729608781e-21,-0.339389286846804,1,1,7.78261055838973e-17
"Fnip2",3.52649562277631e-21,0.355440338642486,0.997,0.973,7.79813977064525e-17
"St13",3.70570712411617e-21,-0.315741222582647,1,1,8.19443016355809e-17
"Cenpk",4.41667846544249e-21,-0.332567140069251,0.455,0.852,9.76660109063298e-17
"Cttnbp2nl",4.59641031689049e-21,0.419458087620862,0.276,0.015,1.01640421337399e-16
"Mindy1",6.06804920651444e-21,-0.38075018366129,0.387,0.759,1.34182772103654e-16
"Epb41l2",7.6487254546463e-21,0.519321052519036,0.997,0.997,1.69136265978594e-16
"Bcar1",9.85108208570706e-21,0.325153763290489,0.297,0.024,2.1783697816124e-16
"Zmynd19",1.20542409925735e-20,-0.354238587754061,0.396,0.777,2.66555431068778e-16
"Uqcr11",1.56972437558316e-20,-0.352583424264425,1,1,3.47113151172704e-16
"Isyna1",2.10957155880531e-20,-0.377823351542898,0.164,0.551,4.66489558798617e-16
"Rabggtb",2.22609453907478e-20,0.349217024192756,0.402,0.072,4.92256285425607e-16
"Wipi1",2.26392499614195e-20,0.358210320441963,0.622,0.256,5.00621734396869e-16
"Hspe1",2.33292631087058e-20,-0.382817956805464,1,1,5.15879995122811e-16
"Nmt1",2.47210335333152e-20,-0.299112655344039,1,0.997,5.46656214522199e-16
"Hmgn1",2.91709849746271e-20,-0.290797218778162,1,1,6.4505799074393e-16
"Ppp2r5d",3.72256195200008e-20,-0.46871301010981,0.186,0.545,8.23170124445778e-16
"Nop10",4.35223013522001e-20,-0.325019950670905,0.997,1,9.62408649801201e-16
"Xylt1",4.71566683807431e-20,0.482722729123424,0.604,0.178,1.04277540790337e-15
"Pf4",4.88203823557757e-20,0.379844404823898,0.282,0.021,1.07956511503327e-15
"Mecom",4.88659048775969e-20,-0.262488652474355,0.981,0.973,1.0805717545583e-15
"Gamt",5.62168169218185e-20,-0.273441654975185,0.582,0.907,1.24312247259217e-15
"Fabp5",6.68212749516495e-20,-0.254116421984302,1,1,1.47761885300583e-15
"Siah1a",7.96963623108826e-20,0.349884846967402,0.477,0.123,1.76232565978055e-15
"Vcl",9.00984607915761e-20,0.368701605973743,0.991,0.967,1.99234726348412e-15
"Anxa1",9.62552951334498e-20,0.30069492939334,0.997,0.97,2.12849334128598e-15
"Ckb",1.01615574403093e-19,-0.310698854627029,0.997,0.997,2.2470251967756e-15
"Slc25a36",1.03086616292173e-19,0.412533124516898,0.789,0.38,2.27955434606882e-15
"Alg3",1.04972724296392e-19,-0.375388422625844,0.019,0.274,2.32126185236611e-15
"Diaph3",1.15082143832971e-19,-0.281396365994601,0.498,0.901,2.54481144657849e-15
"Crip2",1.30657230532909e-19,-0.250185388524509,0.997,0.994,2.88922333877421e-15
"Fam102b",1.84764581380602e-19,0.362240327167248,0.399,0.081,4.08569918806926e-15
"Msantd2",1.88778767474749e-19,0.414143912975337,0.402,0.084,4.17446488516913e-15
"Hexb",2.15613260132351e-19,0.3914477011225,0.656,0.28,4.76785602130667e-15
"H2afz",2.5710004754508e-19,-0.324868690024903,1,1,5.68525335136436e-15
"Nme1",2.7201253172421e-19,-0.273002613837176,1,1,6.01501311401747e-15
"Tada2a",2.88443401142967e-19,-0.397650034098,0.263,0.617,6.37834892947443e-15
"Isoc1",3.30141898828999e-19,-0.418170411923943,0.173,0.518,7.30042780880566e-15
"Kif11",3.42055610762786e-19,-0.38865647161689,0.121,0.482,7.56387572079748e-15
"Pdap1",3.67319282906044e-19,-0.283386937173406,1,1,8.12253130290135e-15
"Uhrf1bp1l",4.82916319306084e-19,0.321235649173384,0.737,0.304,1.06787285688154e-14
"Hmg20b",5.54241905742755e-19,-0.263139061647338,0.994,0.994,1.22559512616895e-14
"Vill",6.82589061163782e-19,-0.334546327851336,0.214,0.563,1.50940919095147e-14
"Gab1",9.90919771306633e-19,0.33177639400712,0.65,0.298,2.19122089029036e-14
"Ndufa2",1.01140342173387e-18,-0.339070742725038,1,1,2.23651638648011e-14
"Lactb2",1.04516324230184e-18,0.343475365165052,0.396,0.084,2.31116947770206e-14
"Pold1",1.07173771842355e-18,-0.305240166677674,0.046,0.331,2.36993361674999e-14
"Raph1",1.40005423404376e-18,0.378798267635956,0.467,0.117,3.09593992774096e-14
"B3glct",1.42261175971482e-18,-0.342572468390253,0.387,0.741,3.14582138425739e-14
"Cd63",1.51012210800733e-18,-0.340674750131173,1,1,3.3393330174366e-14
"Dnajc21",1.58282652491647e-18,0.289786488472352,0.991,0.976,3.5001042945478e-14
"Tyrp1",1.69739271085241e-18,-0.356207987439663,1,1,3.75344450150794e-14
"Kmt5b",1.77942917078742e-18,0.369538457243045,0.567,0.19,3.93485172536223e-14
"Gpd1",1.91182141212209e-18,-0.300938473465963,0.012,0.247,4.22761068862558e-14
"H2-Aa",2.19482673723293e-18,0.602161865163659,0.269,0.024,4.85342036404317e-14
"AI506816",2.28616600255068e-18,-0.263689991740088,0.997,1,5.05539888144033e-14
"Bnip3l",2.3492169140603e-18,0.336414339799343,1,0.994,5.19482336206153e-14
"Gpr137b",2.39516008472656e-18,0.301310141078101,0.997,0.985,5.29641749535583e-14
"Osbpl8",2.57167214190375e-18,0.331368416737097,0.997,0.982,5.68673860739176e-14
"Vamp5",3.34081904160773e-18,-0.250222318051106,1,0.997,7.38755314670718e-14
"Dusp18",3.38437394561091e-18,-0.295196007467799,0.396,0.747,7.48386610592941e-14
"Eps8",3.54383095475965e-18,-0.328533847337652,1,0.997,7.83647339026001e-14
"Isca2",4.42840261398873e-18,0.410443737970361,0.567,0.217,9.79252670031328e-14
"Gnao1",4.77267180427601e-18,-0.289207494964618,0.341,0.693,1.05538091607955e-13
"Atp5mpl",4.79087937036684e-18,-0.324981260191287,1,1,1.05940715516922e-13
"Plin2",6.01453474733414e-18,0.253082205365129,1,0.991,1.329994068678e-13
"Arl6ip4",6.16172198514717e-18,-0.311497647429549,0.988,0.997,1.36254158257559e-13
"Tatdn2",6.44702553455176e-18,0.397284264886921,0.353,0.063,1.42563075645543e-13
"Lyn",6.49319492651095e-18,0.388983328881014,0.489,0.133,1.43584019409937e-13
"Robo1",7.5085977573647e-18,-0.314533217238989,0.402,0.744,1.66037622208606e-13
"Rabepk",7.85590560472077e-18,-0.384735594885096,0.446,0.777,1.7371764063719e-13
"Rpl31",1.04781371461042e-17,-0.330783894897944,1,1,2.31703046711802e-13
"Lpp",1.25678953003876e-17,0.394470593861629,1,0.997,2.7791386877747e-13
"Ddrgk1",1.30611336189733e-17,-0.314471318035978,1,0.994,2.88820847716357e-13
"Ctc1",1.45850691426711e-17,-0.323326767054701,0.139,0.455,3.22519633951887e-13
"Atp6v0e2",1.49610520744045e-17,-0.252801817157529,0.985,0.973,3.30833744521307e-13
"Cdk7",1.89683565630321e-17,0.296065603722286,0.57,0.226,4.19447268678329e-13
"Serinc1",2.20390680520159e-17,0.363529838259691,1,0.991,4.87349911834227e-13
"Kif23",2.24997502104042e-17,-0.475271691658717,0.077,0.377,4.97536976402669e-13
"Ndufb7",2.48986918304026e-17,-0.339854430476782,1,1,5.50584772445693e-13
"Sharpin",2.56373283494567e-17,-0.320394390805912,0.356,0.732,5.66918241791536e-13
"Apoe",2.85566738453487e-17,-0.37204215956533,1,1,6.31473728742197e-13
"Rps17",3.0111699979627e-17,-0.311800341135855,1,1,6.65860021649493e-13
"H2-Ke6",3.29624240540568e-17,-0.433103920482131,0.071,0.361,7.28898083107359e-13
"Egfl7",3.63203057060906e-17,-0.291129935816628,0.576,0.877,8.03150920078782e-13
"Dcps",4.07594980247356e-17,-0.264476195714609,0.988,0.988,9.01314779820979e-13
"Pclaf",4.63811776521187e-17,-0.415757453751665,0.997,0.991,1.0256269814213e-12
"Uqcrb",4.76436033963021e-17,-0.273652334536119,1,1,1.05354300190243e-12
"Taok1",6.07476677731707e-17,0.384491145633761,0.994,0.976,1.34331317746812e-12
"Atpif1",6.26551292724602e-17,-0.260168953592581,1,1,1.38549287360191e-12
"Rpl41",6.28822807132193e-17,-0.418942516077492,1,1,1.39051587341142e-12
"Serbp1",6.83772054030071e-17,-0.339513093998031,1,1,1.5120251430767e-12
"Cct5",7.41684311001515e-17,-0.259345109440007,1,1,1.64008651691765e-12
"Steap3",8.7663574557938e-17,-0.297909669948127,0.362,0.693,1.93850462419968e-12
"Uba6",9.03751170546969e-17,0.390698481060026,0.437,0.117,1.99846496343051e-12
"Atp6v0b",1.01522145285735e-16,-0.281013368085264,1,1,2.24495919870345e-12
"Ccna2",1.28221143326383e-16,-0.298790729696028,0.582,0.895,2.8353541423763e-12
"Akip1",1.34501750770129e-16,-0.288565281081794,0.276,0.62,2.97423721477985e-12
"Ak4",1.37105029387418e-16,0.34998919726515,0.248,0.024,3.03180351484396e-12
"Prelid2",1.57962557292466e-16,0.305314476486857,1,0.994,3.4930260294083e-12
"Serhl",1.657290673589e-16,-0.299013033994164,0.313,0.666,3.66476686650735e-12
"Tasor2",1.91070930794728e-16,0.479509190844942,0.536,0.19,4.22515149266382e-12
"Cux1",1.91203237626479e-16,0.402219156037708,0.997,0.982,4.22807719363433e-12
"Lcn2",1.99121950919582e-16,-0.725622907658274,0,0.19,4.40318370068471e-12
"Tcp11l1",2.10567529793379e-16,-0.297136976961476,0.464,0.777,4.656279786321e-12
"Malat1",2.33727776576119e-16,0.677792026006472,1,1,5.16842232342772e-12
"Cdc25a",2.45848943903141e-16,-0.268899988433163,0.452,0.795,5.43645769653015e-12
"Top2a",2.51009498974418e-16,-0.458816842748328,0.997,0.997,5.5505730508213e-12
"Cd302",2.84049963861507e-16,-0.285926795249507,0.443,0.759,6.28119685086951e-12
"Tbk1",2.84184487981536e-16,0.323075271317972,0.672,0.304,6.2841715827357e-12
"Cryl1",3.04550795172636e-16,-0.282279018234363,0.022,0.244,6.73453173365249e-12
"Hspd1",3.30996856210533e-16,-0.327989239117414,1,1,7.31933348138351e-12
"Arpc5l",3.3519707019776e-16,-0.256318603293694,0.997,1,7.41221281328306e-12
"Nek1",3.41546418253707e-16,0.290192538303597,0.607,0.268,7.55261594684422e-12
"Hmbox1",3.5060299943971e-16,0.405124887213119,0.591,0.25,7.75288412661031e-12
"Tarbp2",3.91138361501995e-16,-0.264830047478145,0.607,0.889,8.64924258789362e-12
"Mphosph6",4.5214870214691e-16,0.3436552635431,0.362,0.081,9.99836425057461e-12
"Tmem176b",4.97438148899243e-16,-0.271887412387767,1,0.994,1.0999849786609e-11
"B9d2",5.14721258444937e-16,-0.269979753283919,0.517,0.87,1.13820311879929e-11
"Chchd10",5.5696544396148e-16,-0.274536450236603,1,1,1.23161768623202e-11
"Cyb5r1",6.44742552415631e-16,-0.349263352709231,0.183,0.488,1.42571920615668e-11
"Kctd17",6.98076595601977e-16,-0.327453945562142,0.325,0.66,1.54365677585465e-11
"Atp5l",1.03498224398453e-15,-0.302932869694271,1,1,2.28865623612299e-11
"Morn2",1.21797572383072e-15,-0.273089846779702,0.529,0.828,2.69330971810686e-11
"Pex13",1.45049775789819e-15,0.321299160654141,0.285,0.045,3.20748569204028e-11
"Rps29",1.45775354255015e-15,-0.358940409661922,1,1,3.22353040864114e-11
"Atf3",1.58468143826799e-15,0.389761968245375,1,0.991,3.504206064442e-11
"Npepps",1.61005950233339e-15,0.262267714382054,1,0.985,3.56032457750983e-11
"Mvd",1.61829304306271e-15,-0.271199572353873,0.588,0.873,3.57853140612456e-11
"Fam126b",1.72380876437974e-15,0.344503658181421,0.563,0.25,3.81185832067291e-11
"Ptprj",1.95575190467395e-15,0.436788321581192,1,0.997,4.32475418680551e-11
"Stxbp3",2.0076228517852e-15,0.521837529756697,0.365,0.09,4.43945641215261e-11
"Pmel",2.01403181733362e-15,-0.43240174620615,1,1,4.45362855766984e-11
"Mrpl48",2.06236241375849e-15,-0.314130754420435,0.994,0.994,4.56050200554416e-11
"Tmem120a",2.0641266547755e-15,-0.273850396163782,0.437,0.78,4.56440327170506e-11
"Dct",2.09738546022386e-15,-0.469580372366099,1,1,4.63794846819301e-11
"Znhit2",2.09932109781224e-15,-0.267747699437874,0.223,0.557,4.6422287435922e-11
"Clic4",2.18892291484985e-15,0.549730201097358,1,0.991,4.84036524160746e-11
"Pim1",2.20230719703473e-15,0.590679311109842,0.963,0.482,4.8699619048029e-11
"Ppcs",2.21332052277512e-15,-0.314346266993698,0.489,0.81,4.89431567201262e-11
"Pfkp",2.31048117529678e-15,0.446703990964518,1,0.997,5.10916702293378e-11
"Cad",2.38930657960263e-15,-0.336560679274128,0.146,0.434,5.2834736394753e-11
"Cfdp1",2.39305237432317e-15,-0.254220093128052,1,1,5.29175671534082e-11
"Lims1",2.47149318905566e-15,0.317249595621458,1,0.994,5.46521288895878e-11
"Foxj3",2.49008593477582e-15,0.299262745754629,0.7,0.337,5.50632702756978e-11
"Ran",2.870077487103e-15,-0.2713141400255,1,1,6.34660234723086e-11
"Cdr2l",2.96978435224169e-15,-0.285751210141167,0.009,0.202,6.56708413811205e-11
"Il6st",3.01700919441111e-15,0.264852400078641,0.641,0.283,6.67151243160129e-11
"Nme2",3.27671903975649e-15,-0.294552157776173,1,1,7.24580881261353e-11
"Mcph1",3.57229437439648e-15,-0.281729315411599,0.375,0.72,7.89941455010293e-11
"Pim3",3.78781356464468e-15,0.349292691760366,0.328,0.069,8.37599213549878e-11
"Gas8",4.32989965921054e-15,-0.335932133729152,0.257,0.56,9.57470711641228e-11
"Haus1",4.54021287903168e-15,-0.398720926456468,0.251,0.551,1.00397727394028e-10
"Clpx",4.5760869195864e-15,0.267121415353801,0.601,0.265,1.01191010052814e-10
"Pin4",5.06950887707613e-15,-0.2593573520898,0.991,0.997,1.12102049798785e-10
"Cep89",6.44461909409568e-15,-0.285964065042218,0.084,0.343,1.42509862027738e-10
"Chchd2",6.50972352380563e-15,-0.262095637057979,1,1,1.43949516281914e-10
"Mzt1",7.3730000549686e-15,0.26610886758764,0.628,0.292,1.63039150215521e-10
"Cox6c",7.41978935739168e-15,-0.263561393482265,1,1,1.64073802060002e-10
"Iqgap1",7.99581171832896e-15,0.492735183781023,1,0.997,1.76811384527408e-10
"Mindy4",8.16371081484268e-15,-0.312336252090542,0.149,0.428,1.80524137248616e-10
"Bub1b",8.23739972599522e-15,-0.3268149188362,0.05,0.289,1.82153620140932e-10
"Slc35b4",9.18313413078677e-15,-0.303424827105911,0.272,0.593,2.03066645034088e-10
"Uqcrq",1.05465340729687e-14,-0.27693412458477,1,1,2.33215507955558e-10
"Mki67",1.08737123976112e-14,-0.252037516575198,0.985,0.991,2.40450402248376e-10
"Cox8a",1.18296280033907e-14,-0.269472539486761,1,1,2.61588564038978e-10
"Tuba1b",1.22805188376069e-14,-0.319158414990623,1,1,2.71559113056001e-10
"Gm2000",1.45919050801523e-14,-0.295907817679897,1,1,3.22670797037408e-10
"Tnpo1",1.55825093001299e-14,0.337381761789395,1,0.985,3.44576028153772e-10
"Atp5o",1.63305749791474e-14,-0.253310893441709,1,1,3.61118004513887e-10
"Zfp36",1.72075004466369e-14,0.558723641717699,0.57,0.217,3.80509457376481e-10
"Cdk6",1.94116346970057e-14,0.587136871955493,0.684,0.292,4.29249478054888e-10
"Slc25a4",2.204773166888e-14,-0.273707315027897,1,1,4.87541490393944e-10
"Cox7b",2.22095032932368e-14,-0.254562788754238,1,1,4.91118746323345e-10
"Whamm",2.3853293917148e-14,0.26132817533418,0.786,0.446,5.27467888389893e-10
"Gpnmb",2.42031645372642e-14,-0.286033012776578,1,1,5.35204577412522e-10
"Pggt1b",2.75993592634061e-14,0.363263548168249,0.653,0.34,6.103046313917e-10
"Alg6",2.8806628285372e-14,-0.307067051530871,0.272,0.575,6.37000971274432e-10
"Basp1",3.10361366941037e-14,0.543550562974701,0.988,0.919,6.86302090716716e-10
"Chaf1a",3.11722880794084e-14,-0.335070967438356,0.05,0.283,6.89312806299958e-10
"Ccdc115",3.29713098153379e-14,0.257785757319713,0.873,0.557,7.29094573946567e-10
"Mvk",3.50925294816399e-14,-0.295583053764024,0.077,0.322,7.76001104427503e-10
"Ccdc137",3.6505043060138e-14,-0.291556831822373,0.396,0.72,8.07236017188832e-10
"Ddi2",4.4449577119101e-14,0.326057990860603,0.69,0.358,9.82913498834681e-10
"Atp5e",4.5071199447008e-14,-0.303125679225033,1,1,9.96659433371688e-10
"R3hcc1l",5.07101846490718e-14,0.323708985949919,0.728,0.383,1.12135431314492e-09
"Papss1",6.47187303690919e-14,0.295135028165627,0.752,0.452,1.43112528465173e-09
"Cdt1",7.20420414055991e-14,-0.276473396553157,0.313,0.636,1.59306566160201e-09
"Atg2b",8.03817546511136e-14,0.387968670431763,0.607,0.295,1.77748174060007e-09
"Dusp1",8.85338810287913e-14,0.485569631453262,0.997,0.991,1.95774971118966e-09
"Golph3",9.10483083546347e-14,0.281723863851147,0.771,0.401,2.01335124264604e-09
"Tgif2",1.00667206316085e-13,-0.309800080998267,0.142,0.416,2.22605393326759e-09
"Cers4",1.02308745053622e-13,-0.408834905718986,0.189,0.488,2.26235327937074e-09
"Rnf114",1.13898858874074e-13,0.2651726875873,0.619,0.286,2.5186454662824e-09
"Il17rc",1.19523932688427e-13,-0.287273928154755,0.05,0.265,2.64303272353919e-09
"Mcl1",1.26495975314649e-13,0.387155747324504,1,1,2.79720550213282e-09
"Tmem141",1.29385683869982e-13,-0.272900685918501,0.406,0.696,2.86110562741691e-09
"Git2",1.29809661298563e-13,0.422898618913393,0.638,0.316,2.87048104029513e-09
"Dgkd",1.39452504675633e-13,0.289677772662031,0.69,0.334,3.08371323589227e-09
"Sec23a",1.45024967753172e-13,0.266632748920571,0.582,0.265,3.20693711192589e-09
"Nfil3",1.49278358251258e-13,0.453324900473619,0.458,0.154,3.30099233601006e-09
"Grcc10",1.60630950177567e-13,-0.300078086175278,1,1,3.55203220127654e-09
"Slc44a1",1.67612488382295e-13,0.339588167767304,0.604,0.307,3.70641495559768e-09
"Snx24",1.68578325012295e-13,0.262759435322447,0.904,0.666,3.72777250099688e-09
"Stk40",1.74183954747581e-13,0.398103047565476,0.365,0.105,3.85172979133325e-09
"Nelfcd",1.85570243046203e-13,-0.34600461584475,0.217,0.506,4.10351478448069e-09
"Pknox1",1.87350600441752e-13,-0.277947526545622,0.282,0.596,4.14288382756846e-09
"Anapc13",2.04460579026683e-13,-0.251861202127488,1,1,4.52123678401704e-09
"Etv6",2.18651929648137e-13,0.621510673352,0.997,0.997,4.83505012030925e-09
"Igkc",2.27666353386583e-13,-2.67492616219863,0.08,0.322,5.0343860724375e-09
"Nhlrc2",2.32507326680722e-13,0.34549079133036,0.554,0.256,5.1414345148908e-09
"Rpl28",2.58986820195879e-13,-0.332573895169554,1,1,5.72697555499148e-09
"Nampt",3.26983769854407e-13,0.344089744811521,1,0.988,7.2305921027905e-09
"Slc39a13",3.58532734020426e-13,-0.268189363314242,0.139,0.401,7.92823434739368e-09
"Lmbrd2",4.25106422151303e-13,0.349168384849282,0.313,0.078,9.40037831303177e-09
"Serf2",4.60762302647606e-13,-0.268181145615737,1,1,1.01888367984465e-08
"Seh1l",4.61217907622462e-13,0.302156085280815,0.604,0.313,1.01989115912555e-08
"Washc4",4.78040531163755e-13,0.316320890410712,0.65,0.334,1.05709102656241e-08
"Cln5",5.56364698285222e-13,0.342496429974657,0.406,0.148,1.23028925731811e-08
"Atad2b",5.79131974465276e-13,0.382213464234661,1,0.982,1.28063453513507e-08
"Trim30a",6.16632518864262e-13,0.280493242852728,0.607,0.232,1.36355948896454e-08
"Clcn3",6.27047892966686e-13,0.322190345177922,0.997,0.991,1.38659100571723e-08
"Dcbld2",6.48453000143226e-13,0.278704619552354,0.598,0.307,1.43392411921671e-08
"Vrk3",7.11016413519497e-13,-0.352960655931418,0.198,0.491,1.57227059521566e-08
"Ireb2",8.61019700074581e-13,0.2543522324008,0.359,0.108,1.90397286277492e-08
"Cluap1",8.64251802948602e-13,-0.309855262586787,0.303,0.596,1.91112001186024e-08
"Rnf146",8.71488469681568e-13,0.305723936806845,0.399,0.133,1.92712245300685e-08
"B3galt1",9.27971007652487e-13,-0.264761256976333,0.409,0.69,2.05202228922194e-08
"Syt9",9.29023876340473e-13,-0.251485864688759,0.455,0.738,2.05435049775169e-08
"Rpl36",1.07057694431085e-12,-0.253556514600633,1,1,2.36736679695459e-08
"Rest",1.08895956025425e-12,0.262500443449303,0.997,0.982,2.40801627559021e-08
"Fbxw11",1.17447768927636e-12,0.307460622748666,1,0.991,2.59712251429681e-08
"Rufy3",1.17503098286909e-12,0.315553282737836,0.56,0.274,2.59834601241841e-08
"Pimreg",1.2285123780282e-12,-0.255658785014847,0.031,0.223,2.71660942153377e-08
"Psap",1.26939690703995e-12,0.340953499414511,1,1,2.80701738053743e-08
"Clspn",1.38612571563287e-12,-0.292828937575272,0.084,0.328,3.06513979497896e-08
"Slc38a6",1.53013465695353e-12,0.408227264839184,0.421,0.163,3.38358676692133e-08
"Set",1.53389578591404e-12,-0.281633372646997,1,1,3.39190375139172e-08
"Cenpp",1.54564822797334e-12,-0.284353346472221,0.542,0.816,3.41789192651744e-08
"Mafg",1.58956763489566e-12,0.260087949903693,0.997,0.979,3.51501091104478e-08
"Klhdc3",1.68362383815347e-12,-0.263214756607441,0.474,0.768,3.72299739330877e-08
"Far1",1.92847555136741e-12,0.320050614456882,0.687,0.37,4.26443798673876e-08
"Atp5k",2.02934386647707e-12,-0.258147136501051,1,1,4.48748809194074e-08
"Cyren",2.04263811097596e-12,-0.264629291171949,0.381,0.669,4.51688565480114e-08
"Camk1d",2.11220325385183e-12,0.730551987307035,1,1,4.67071505524255e-08
"Gpbp1l1",2.25879193171377e-12,0.284414196615688,0.737,0.41,4.99486659859867e-08
"Col1a1",2.26661348756801e-12,0.250986309480452,0.26,0.051,5.01216240505915e-08
"Ccnl1",2.30103919567543e-12,0.360564398567293,1,1,5.08828797339709e-08
"mt-Nd1",2.38712788878923e-12,-0.277071862402938,1,1,5.27865590047962e-08
"Atp11c",2.60725503234995e-12,0.293832564904528,0.638,0.34,5.76542305303545e-08
"Cep120",2.91686389999631e-12,0.322236279908194,0.721,0.373,6.45006114206184e-08
"Mnat1",2.9559776489022e-12,0.262588076908995,0.991,0.976,6.53655337501744e-08
"Chaf1b",3.02178530811962e-12,-0.252445335031141,0.607,0.867,6.68207385184492e-08
"Cblb",3.07402419880892e-12,0.501868512661916,0.975,0.584,6.79758971082616e-08
"Xpr1",3.24040600809198e-12,0.352454033665182,0.721,0.401,7.1655098056938e-08
"Lamb1",3.32088313929553e-12,0.283736569088767,0.399,0.154,7.3434688859242e-08
"Snrpg",3.53569152193003e-12,-0.28663104277407,1,1,7.81847466244388e-08
"Patl1",4.10070921775066e-12,0.287920129815053,0.433,0.166,9.06789829321204e-08
"Fbxl19",4.24996008681012e-12,-0.300017295474565,0.152,0.401,9.39793673996322e-08
"Grb2",4.30888387526005e-12,0.348410756143922,1,0.997,9.52823491336254e-08
"Mcm4",4.52663031411494e-12,-0.325786336426098,0.226,0.515,1.00097376136024e-07
"Gopc",5.00031238198389e-12,0.339648067665627,0.291,0.072,1.1057190770281e-07
"Ncstn",5.41328784148359e-12,0.362783942870356,0.604,0.331,1.19704034038727e-07
"Hspg2",5.77597584549968e-12,0.273139206872778,0.548,0.283,1.27724153871534e-07
"C130071C03Rik",6.50956389433614e-12,-0.283685839448608,0.198,0.461,1.43945986395455e-07
"2510039O18Rik",6.99120676032724e-12,0.267249788992209,0.533,0.256,1.54596555091116e-07
"Dmtf1",7.44963711040433e-12,0.306340506094883,0.786,0.5,1.64733825422371e-07
"Xaf1",8.19471826923296e-12,0.384032022368058,0.282,0.069,1.81209805087548e-07
"Gab2",8.85492762642819e-12,0.255586475852148,0.997,0.952,1.95809014603207e-07
"Rbms1",9.61464313366446e-12,0.301014837597573,1,1,2.12608603614722e-07
"Fosb",9.77033921039577e-12,0.38704622241909,1,0.997,2.16051510959482e-07
"Bub1",1.0682861139595e-11,-0.254534027751458,0.477,0.753,2.36230108379864e-07
"Cd320",1.07471871489433e-11,-0.302233624610007,0.046,0.235,2.37652549424583e-07
"Hmgb1",1.10751784308959e-11,-0.309190747375534,1,1,2.449054206424e-07
"Ap3m1",1.12101718446022e-11,0.280097992025418,0.276,0.066,2.47890529999689e-07
"Polr2h",1.23990261746078e-11,0.319937163818606,0.579,0.295,2.74179665799103e-07
"Angel2",1.29966677792278e-11,-0.26717757871126,0.48,0.768,2.87395314602064e-07
"Ifnar1",1.43551043840579e-11,0.360195941142002,0.749,0.47,3.17434423244673e-07
"Polr2d",1.47812573991953e-11,0.270262004794416,0.724,0.443,3.26857944868407e-07
"Sgo1",1.48957734366781e-11,-0.282279018234362,0.043,0.235,3.29390238005262e-07
"Per1",1.49137512701134e-11,0.297249596436165,0.563,0.229,3.29787781836018e-07
"Tns3",1.54131973216369e-11,0.38162311374212,0.659,0.401,3.40832032373357e-07
"Trp53inp2",1.71415929807251e-11,0.330350225103054,0.393,0.151,3.79052045582774e-07
"Gpaa1",1.9173296052048e-11,-0.266638527134678,0.706,0.904,4.23979095598938e-07
"Rlf",2.17449619023377e-11,0.301792655017373,1,0.982,4.80846342546394e-07
"Ccl2",2.25740202069368e-11,0.255604802887266,0.152,0.009,4.99179308835993e-07
"Mars",2.27586219849483e-11,-0.290955905611774,0.241,0.5,5.03261407953162e-07
"Clybl",2.32954130402024e-11,0.279018680761041,0.997,0.982,5.15131468557995e-07
"Bmp2k",2.35949207117837e-11,0.615645140551296,0.421,0.157,5.21754481699674e-07
"Wsb1",2.39368295918356e-11,0.353662335859507,1,0.979,5.2931511276426e-07
"Rps28",2.81493194737801e-11,-0.30878070212476,1,1,6.22465901523699e-07
"Brox",3.02438468354093e-11,0.278551820013896,0.396,0.157,6.68782185071406e-07
"Vwf",3.2412949721876e-11,0.31635841938387,0.235,0.054,7.16747557199844e-07
"Dyrk1a",3.46022606916357e-11,0.38631183386739,1,0.991,7.65159790674139e-07
"Hectd4",3.55676418192087e-11,0.301124654630232,0.331,0.099,7.86507263548162e-07
"Arhgap10",4.13181036920559e-11,0.41639479151077,1,0.979,9.13667226942433e-07
"Jak2",4.16753324532259e-11,0.555689894615319,0.768,0.449,9.21566626538184e-07
"Klf6",4.25661643573385e-11,0.45168590080752,1,0.997,9.41265592433826e-07
"Usp25",4.44286909397822e-11,0.255108783827563,1,0.985,9.82451642751404e-07
"Gnpat",5.03699306205261e-11,-0.263609806790292,0.591,0.831,1.11383027581169e-06
"Nfrkb",5.79235035499678e-11,0.337426272089292,0.511,0.241,1.28086243400044e-06
"Atp2b1",6.52698832669905e-11,0.29427400521317,1,0.997,1.44331292868296e-06
"Slc9a1",6.63520383648351e-11,0.36106275005483,0.638,0.361,1.4672426243616e-06
"Morc3",6.6360258578618e-11,0.294662919558646,0.375,0.127,1.46742439794898e-06
"Mis18bp1",6.77511489190313e-11,-0.25921920980969,0.05,0.238,1.49818115604654e-06
"Rpl37",7.60413898964621e-11,-0.302152355146323,1,1,1.68150325478047e-06
"Cd2ap",7.84002339225647e-11,0.256290577002342,0.994,0.973,1.73366437272967e-06
"Gna13",8.05075141002058e-11,0.402503851655976,0.997,0.994,1.78026265929785e-06
"Tor1aip1",9.15382178617247e-11,0.303425418754567,0.997,0.988,2.02418461157632e-06
"Pnrc1",9.3544983707504e-11,0.439305886108506,1,0.994,2.06856022472404e-06
"Rpl26",1.01005585678725e-10,-0.252217494466836,1,1,2.23353651611364e-06
"Zfc3h1",1.27127615427732e-10,0.44935850358425,0.836,0.578,2.81117295995344e-06
"Lilr4b",1.31924526624879e-10,0.332913413288219,0.359,0.117,2.91724705725596e-06
"Lig1",1.38395730088857e-10,-0.26744050925873,0.988,0.985,3.06034477945489e-06
"Bach1",1.38556292556741e-10,0.275277325146142,0.752,0.476,3.06389529730721e-06
"Phlpp1",1.51282247329544e-10,0.560394062781117,1,0.991,3.34530433519821e-06
"Urod",1.60701083667675e-10,-0.259246828016691,0.594,0.822,3.55358306314329e-06
"Furin",1.82384042258423e-10,0.341168211549964,0.393,0.142,4.03305832646052e-06
"Mgat1",1.8271036554296e-10,0.294517715491013,0.579,0.31,4.04027431325147e-06
"Fbxl5",2.11945439852707e-10,0.302319670849287,0.954,0.762,4.6867495114629e-06
"Phykpl",2.1256791214979e-10,0.346537772076221,0.319,0.108,4.7005142413683e-06
"Ubald1",2.34163321156662e-10,0.25156816675994,0.356,0.12,5.17805352073727e-06
"Tmem39a",2.3754432862482e-10,0.366543424433711,0.341,0.111,5.25281773888065e-06
"Ankrd28",2.80188202531325e-10,0.295361571189474,0.997,0.976,6.19580172257519e-06
"Vkorc1l1",2.92841138196832e-10,0.273959193450163,0.542,0.292,6.47559608894655e-06
"Fos",3.00282124251563e-10,0.518972455794327,1,1,6.64013861357481e-06
"Ncapg",3.14309452590926e-10,-0.279968857547161,0.059,0.247,6.95032492514314e-06
"Axin1",3.30918214756394e-10,0.257178724747699,0.328,0.105,7.31759448290814e-06
"Lrrfip1",3.39573011380536e-10,0.302357486543504,1,1,7.50897800065779e-06
"2310022B05Rik",3.67374034302976e-10,0.253163346642995,0.69,0.449,8.12374202054172e-06
"Rps15",3.81973416347582e-10,-0.274991581644347,1,1,8.44657815569408e-06
"Rpl30",3.88450692527333e-10,-0.292811792089375,1,1,8.58981016385692e-06
"Rapgef1",4.45107937929217e-10,0.253537716609709,1,0.997,9.84267183142877e-06
"Gadd45b",4.46073472268932e-10,0.420305833051755,0.963,0.732,9.86402269228289e-06
"B4galt1",4.584995972502e-10,0.441707609991806,0.693,0.364,1.01388015939937e-05
"Gmpr2",6.6361528833422e-10,-0.277496221864265,0.217,0.452,1.46745248709346e-05
"Crim1",6.80553863244957e-10,0.264852400078641,0.52,0.247,1.50490875779357e-05
"Pdlim5",6.84660286849521e-10,0.297047947817361,0.991,0.979,1.51398929231035e-05
"Map2k7",7.23293505523085e-10,0.3101975361441,0.235,0.06,1.5994189287632e-05
"Ints11",7.62589925863196e-10,-0.255357718919074,0.328,0.581,1.68631510306129e-05
"Rbm39",7.70521430108656e-10,0.375149643088074,1,1,1.70385403839927e-05
"Samhd1",7.86886511681925e-10,0.302683482486794,0.842,0.527,1.74004214328224e-05
"Hif1a",7.8793741708085e-10,0.484329561479933,0.997,1,1.74236601039088e-05
"Tmem135",8.18497742817812e-10,0.271792662609503,0.811,0.545,1.80994405869303e-05
"Epb41l4aos",9.0285097936769e-10,0.326931028733471,0.427,0.187,1.99647437067577e-05
"AU040320",9.03993917947463e-10,-0.254955408181664,0.461,0.729,1.99900175075723e-05
"Jmjd1c",1.20374365971907e-09,0.411050521527982,1,1,2.66183835473678e-05
"Ftl1",1.25601647112787e-09,-0.252926909419155,1,1,2.77742922260505e-05
"Zfp36l2",1.39213289136375e-09,0.312618460544513,0.663,0.34,3.07842346267267e-05
"Ifrd1",1.61051768786683e-09,0.337020067296383,1,1,3.56133776317992e-05
"Inpp5a",1.63248197928081e-09,0.350850764947304,0.573,0.334,3.60990740078365e-05
"S100a11",1.76805333229615e-09,0.348304026642349,1,1,3.90969633370647e-05
"Tef",1.85582209321145e-09,-0.264131671524103,0.263,0.506,4.10377939471849e-05
"Rtl8a",1.85909389183213e-09,-0.2559448704209,0.13,0.337,4.1110143230084e-05
"Gtf2a1",1.87284542801385e-09,0.278656211840345,0.594,0.337,4.14142309496703e-05
"Rpl32",2.07362633242785e-09,-0.269758539898258,1,1,4.5854099088977e-05
"Dusp4",2.32641530994899e-09,0.390577043262914,0.997,0.982,5.14440217489019e-05
"Myl12a",2.79091688225702e-09,0.309822017788015,1,1,6.17155450173494e-05
"Zswim6",2.94047825432442e-09,0.416953928576735,1,0.997,6.50227956378758e-05
"Klhl9",2.95992762876857e-09,0.269130922775767,0.201,0.045,6.54528796549595e-05
"Rpl6",3.04604297479161e-09,-0.258848431746567,1,1,6.73571483015669e-05
"Rps21",3.11944219917696e-09,-0.281116888138895,1,1,6.89802253504001e-05
"Vegfa",3.45534506930136e-09,0.489724792626167,0.991,0.892,7.64080455174609e-05
"Sgms1",3.68749071196921e-09,0.512859556259973,0.981,0.867,8.15414821137751e-05
"Rap1b",3.70003465636834e-09,0.396910244652642,1,1,8.18188663562731e-05
"Dnajc5",4.0024956917814e-09,0.258268757761801,1,0.988,8.85071872323621e-05
"Uck2",4.62065462206886e-09,0.300773892478162,0.994,0.988,0.000102176535657809
"Fbh1",4.6966868201432e-09,0.283653428616714,0.347,0.148,0.000103857835653827
"Nktr",4.98816026591689e-09,0.300312578024047,1,1,0.00011030318796022
"Vps13d",5.3596186794866e-09,0.30686194937821,0.907,0.663,0.000118517247859487
"Trappc8",5.448385741338e-09,0.281746907337007,0.347,0.13,0.000120480153898207
"Cflar",6.06663402738607e-09,0.312421028166855,1,0.982,0.000134151478247588
"Hmgb2",6.39699297753857e-09,-0.298404896741198,1,1,0.00014145670571231
"Picalm",6.98668161929305e-09,0.337386096378569,1,1,0.000154496490647427
"Rab8b",7.07245397518412e-09,0.477529855030896,1,0.997,0.000156393174753246
"Sec24c",7.29844182617486e-09,0.326362478956304,0.7,0.479,0.000161390444102205
"Haus4",8.65391350521655e-09,-0.274896054715675,0.093,0.283,0.000191363989340854
"Ccl8",9.17226010618555e-09,0.364967760741136,0.111,0.006,0.000202826187728081
"Rpl39",1.04327183339942e-08,-0.277276999190993,1,1,0.000230698700519613
"Klf7",1.10403217905762e-08,0.297036919345652,0.811,0.584,0.000244134635755012
"Msl2",1.16446457100526e-08,0.433506031154943,0.282,0.099,0.000257498050586394
"Col3a1",1.21057265576932e-08,0.357662121536979,0.164,0.03,0.00026769393137027
"Sdcbp",1.78163393376279e-08,0.25169384781882,1,1,0.000393972711772965
"Apeh",1.92560017249798e-08,-0.262759567514938,0.412,0.642,0.000425807966144479
"Prrc2a",2.0640217663818e-08,0.301750001353683,0.997,0.991,0.000456417133200008
"Atl3",2.28433636325834e-08,0.431168769225707,0.594,0.367,0.000505135300007316
"Wapl",2.4533621128474e-08,0.288923015804102,0.997,0.994,0.000542511964013945
"Nfkbia",2.9411818686931e-08,0.670513246208405,1,0.997,0.000650383546624105
"Ascc3",3.10165429646235e-08,0.328547244157009,1,0.988,0.00068586881457672
"Rhbdd2",3.12820051970194e-08,-0.305714894819033,0.164,0.358,0.00069173898092169
"Srgap2",3.14968049609626e-08,0.319154994985388,0.994,0.991,0.000696488848101766
"R3hdm1",3.22459483077378e-08,0.285855436882437,1,0.991,0.000713054654929005
"Jarid2",3.92134444367885e-08,0.43588426916756,1,0.991,0.000867126896830703
"Map2k1",4.16191164618758e-08,0.254971374736485,1,0.97,0.000920323522321459
"Ext1",4.50083242998532e-08,0.412582544842127,1,1,0.000995269075242654
"Paxbp1",4.9769614784496e-08,0.428214364570653,0.827,0.672,0.00110055549172956
"2810006K23Rik",5.56441251971672e-08,-0.276824588142255,0.08,0.241,0.00123045854048496
"Herc4",6.28274288223109e-08,0.381597545421622,0.963,0.861,0.00138930293354776
"Nipbl",6.29471114552246e-08,0.349455255458516,0.997,0.994,0.00139194947560938
"Mycbp2",6.90215381372618e-08,0.32401273651547,0.997,0.985,0.00152627327282927
"Pvr",8.5504406423973e-08,0.295110262781993,0.192,0.051,0.00189075893925332
"Fam49b",9.39154006093765e-08,0.343055385211315,1,1,0.00207675125367514
"Foxn3",9.88243721404774e-08,0.414291261554236,1,0.991,0.00218530334114238
"Rplp1",1.11883236083978e-07,-0.268162968962311,1,1,0.002474073999525
"Gbp7",1.14981590210985e-07,0.306915955305024,0.449,0.211,0.00254258790433551
"Hsd17b4",1.18997381107768e-07,-0.251225932033068,0.372,0.584,0.00263138908843607
"Rab1a",1.25919230026548e-07,0.274829370152164,1,1,0.00278445193357705
"Unk",1.31010389362867e-07,0.264674634403717,0.276,0.111,0.00289703273998107
"Snx25",1.3266021341826e-07,0.435154406267875,0.22,0.072,0.00293351529931799
"Rbpj",1.36837890707713e-07,0.350069572486815,0.994,0.988,0.00302589627721966
"Kdm5a",1.5096182058153e-07,0.304650103455526,1,1,0.00333821873851937
"Swap70",1.87798130668675e-07,0.325051295515248,0.969,0.898,0.00415278006347641
"Kmt2e",1.89031371265103e-07,0.312445133175245,1,1,0.00418005071278522
"Zfp277",2.64474917285975e-07,0.339841241889067,0.313,0.142,0.00584833384594476
"Smurf1",2.82010559805661e-07,0.285348871481517,0.824,0.648,0.00623609950898258
"Timmdc1",3.40754369796873e-07,0.250571449967503,0.44,0.244,0.00753510137931824
"Peli1",3.66968459451874e-07,0.368141281197855,1,0.991,0.0081147735438593
"Umps",3.86288014388671e-07,-0.29659681962372,0.059,0.196,0.00854198686217667
"Iffo2",4.01494500562254e-07,0.314239449861409,0.768,0.599,0.00887824789093313
"Arih1",4.73172430809881e-07,0.304989382717233,1,1,0.0104632619624989
"Pan3",4.97520745460098e-07,0.264114200683819,1,0.988,0.0110016762443591
"Insr",5.011959219202e-07,0.314807041569283,0.18,0.051,0.0110829454214214
"Nup43",5.63193891016317e-07,-0.256241157332839,0.115,0.268,0.0124539065120438
"Trp53bp2",5.88909233387803e-07,0.277961053075563,0.288,0.127,0.0130225498779045
"Cmip",6.16136423174137e-07,0.355224718290326,0.997,1,0.0136246247256497
"Rps15a",6.37005695885635e-07,-0.251589191808796,1,1,0.0140861069531191
"Smg1",6.84957803790274e-07,0.286211909205717,1,0.979,0.0151464719152143
"Mdfic",7.15983266679918e-07,0.333872545760702,0.78,0.578,0.015832537976093
"Fbxl3",7.32155796741869e-07,0.314508917883583,0.291,0.12,0.0161901611333529
"Malt1",7.91737221906779e-07,0.573081276734074,0.613,0.389,0.0175076851880246
"Fbxo11",7.96346640157313e-07,0.458435924723461,0.997,0.988,0.0176096132537987
"Esyt2",8.05561109314814e-07,0.337072208031714,0.997,0.982,0.0178133728102785
"Rps20",9.09381602023141e-07,-0.283493731270672,1,1,0.0201091553655377
"Arid4b",9.72813938821262e-07,0.312129824455623,1,0.997,0.0215118346291546
"Kdm2b",1.01242548972154e-06,0.282855896785166,0.746,0.464,0.0223877648542123
"Cpsf7",1.18282814356505e-06,0.311245495990218,0.229,0.084,0.0261558787386539
"Usp7",1.21762670995788e-06,0.267203203105227,0.994,0.991,0.0269253794372987
"Arf4",1.42578694371272e-06,0.339538703346323,1,0.997,0.0315284266863194
"Tut4",1.61474470772789e-06,0.324559363208285,1,0.997,0.0357068497219868
"Mapkapk2",1.73616816413321e-06,0.254939382304233,1,0.997,0.0383918866134778
"Btg2",1.75343972988826e-06,0.26872520409684,0.907,0.527,0.038773812747019
"Tet2",1.81221493541636e-06,0.299335807648593,0.985,0.91,0.0400735088668619
"Dennd4a",2.01843377379331e-06,0.504119935736346,1,0.997,0.0446336260398914
"Akap13",2.04345174660325e-06,0.463245601452809,1,1,0.0451868484726376
"Zmym5",2.11917014192514e-06,0.311035562920574,0.471,0.292,0.0468612093483906
"Gpbp1",2.32395482437602e-06,0.251034913613593,0.997,0.985,0.051389613031427
"Ythdc1",2.40233030922059e-06,0.361419405118762,1,1,0.0531227301277948
"Oga",2.45565731092835e-06,0.294347119826241,1,0.991,0.0543019501165586
"Wipf1",2.70983767897386e-06,0.251259980902236,0.749,0.482,0.0599226405951489
"Ankrd11",2.73030419112214e-06,0.277576427912419,1,1,0.060375216578284
"Zfp644",2.75118485813387e-06,0.331243797375006,0.991,0.979,0.0608369507679143
"St7l",2.77831771066961e-06,0.402598064783389,0.359,0.202,0.0614369395360371
"Rev3l",2.77976983417538e-06,0.341788379459819,1,0.988,0.0614690503431203
"Mdm2",2.82349572552876e-06,0.325288101818964,0.985,0.952,0.0624359609786175
"Lin37",2.88046512092081e-06,-0.287925581375505,0.111,0.259,0.0636957252189219
"Arid5b",2.8866819388477e-06,0.386290895674883,1,0.994,0.0638331977137391
"Myh9",2.9544658076957e-06,0.334477779366523,1,1,0.065332102405575
"Fam117b",3.21643933974313e-06,0.308079623047737,0.981,0.892,0.0711251231197398
"Zeb2",3.60112736024258e-06,0.270834616447454,1,0.997,0.0796317293170442
"Xpo4",4.0757180292053e-06,0.270193551137746,0.344,0.178,0.0901263527798168
"Actr3",4.39568017763815e-06,0.27453765630271,1,1,0.0972016757681125
"Zfp516",4.9266538088208e-06,0.251477249469853,0.889,0.762,0.108943095674454
"Cdk8",5.33443629475407e-06,0.364123853650709,0.997,0.997,0.117960389785897
"Nfat5",6.16989501786713e-06,0.346689323632733,1,1,0.136434888530096
"Tank",6.35227300366593e-06,0.540960350073836,0.994,0.982,0.140467812930065
"Plk4",6.81439908667978e-06,-0.355107391577178,0.13,0.271,0.15068680700375
"Dock10",8.37497474373983e-06,0.531622242479718,0.997,0.994,0.185195816508319
"Usp34",9.32910936213065e-06,0.254789439831906,1,1,0.206294595324795
"Hnrnph3",9.48286442746307e-06,0.29752704846227,0.712,0.548,0.209694581084491
"Dock11",9.72028114650396e-06,0.258395564684639,0.526,0.304,0.214944576992642
"Aopep",9.749964762344e-06,0.500636161792338,1,0.991,0.215600970789713
"Nkapd1",1.07235186036249e-05,-0.263656845667916,0.669,0.813,0.237129166881957
"Smad4",1.28301818210134e-05,0.30505049703071,0.991,0.985,0.283713810608069
"Ppp4r3a",1.29144501469464e-05,0.289168676012312,0.997,0.979,0.285577236099426
"Baz1a",1.39207135623918e-05,0.323373341253979,1,1,0.307828739005169
"Huwe1",1.44375262778249e-05,0.318524318175195,0.994,0.991,0.319257018581542
"Junb",1.51271118042035e-05,0.381115206459681,1,1,0.334505823326352
"Dip2b",1.55129349808227e-05,0.264169053368226,1,0.991,0.343037531230933
"Fbrsl1",1.66623081297102e-05,0.344641880460893,0.31,0.16,0.368453619672281
"Srgn",1.68254625121859e-05,0.526361842976827,0.997,0.979,0.372061452531968
"Cyth1",1.70750990457631e-05,0.284442922905488,0.526,0.316,0.37758166519896
"Klhl2",1.95012775695486e-05,0.312424876964994,0.789,0.663,0.431231750895429
"Ezr",2.05594065458166e-05,0.288098559725724,0.994,0.994,0.454630156947642
"Mapk1",2.12220318673326e-05,0.290241503804675,1,0.997,0.469282790682326
"Hivep1",2.20635316591639e-05,0.65793975344022,0.285,0.16,0.487890875579092
"Brd4",2.27426893980847e-05,0.26800027619843,1,1,0.502909090659846
"Kdm6a",2.53740834209326e-05,0.274752549739002,0.994,0.991,0.561097106687083
"Arhgap17",2.55853829979472e-05,0.259525900070665,0.932,0.84,0.565769574233605
"Msi2",2.58891426096735e-05,0.327246172150021,1,0.997,0.57248661052771
"Itgav",2.76514680655025e-05,0.45491880048621,1,0.994,0.611456913332458
"Usp40",2.81890875918637e-05,0.293523483201318,0.26,0.133,0.623345293918882
"Ubl3",2.87500523216527e-05,0.259960287240627,1,0.997,0.635749906988707
"Nptn",3.13590010787143e-05,0.25466196762385,1,0.985,0.693441590853608
"Zc3hav1",3.45362397999099e-05,0.496142572641604,1,1,0.763699870695408
"Gm2a",3.78459668479489e-05,0.282430618348014,0.978,0.922,0.836887864908695
"Tes",4.08945934171652e-05,0.282620721443008,0.997,0.997,0.904302144233773
"Gm19951",4.18495732690873e-05,0.640166391568998,0.232,0.117,0.925419613699328
"mt-Nd6",4.87276906246518e-05,0.262571218957723,0.158,0.057,1
"Zfp1",5.38965631451848e-05,0.272572165481617,0.387,0.235,1
"Neat1",5.65930621773634e-05,0.282574130619521,1,1,1
"Slc3a2",7.54860318958609e-05,0.321038366425475,1,1,1
"Aftph",8.82288158211741e-05,0.327939182869897,0.932,0.837,1
"Racgap1",8.9281531943016e-05,-0.28965854859996,0.935,0.985,1
"N4bp1",9.12635871595959e-05,0.371376519717293,0.935,0.886,1
"Uvrag",9.5548178017606e-05,0.363574903280147,1,0.985,1
"Wnk1",9.66471633958999e-05,0.391148819136105,1,1,1
"Rsrp1",0.000102909726253216,0.267970077703232,1,0.988,1
"Rsrc2",0.000103715420140537,0.27783627675246,1,1,1
"Klra7",0.000119410887569143,-0.576105330454033,0.043,0.13,1
"Ipmk",0.000122495102357283,0.263729848142218,0.331,0.19,1
"Armc8",0.000124141393816736,0.259094213939111,0.18,0.075,1
"Usp53",0.000133861674427528,0.417308966117813,0.133,0.048,1
"Jund",0.000180445313268083,0.282732617865271,1,1,1
"Ncoa2",0.000198533074737082,0.30300772005213,0.997,0.994,1
"Rora",0.000225195976004035,0.291414686950737,1,0.997,1
"Itpr1",0.000227457521995161,0.272617196227638,1,1,1
"Fam193a",0.000235020615125228,0.255162526828856,0.991,0.982,1
"Abi1",0.000236244854319413,0.256150013999124,1,0.997,1
"Peak1",0.000243875993011668,0.284004929462018,0.988,0.913,1
"Fam129a",0.000249313071986239,0.420057961875396,0.313,0.187,1
"Lyst",0.000268192991648421,0.274165057071937,1,0.988,1
"Btg1",0.000268863934369181,0.288991907139728,1,0.991,1
"Samsn1",0.00028440988748428,0.606387818755248,0.449,0.328,1
"Ttc14",0.000292502881035018,0.256280459607046,0.997,0.991,1
"Sh3kbp1",0.000293632205968062,0.406149293458819,0.997,0.997,1
"Dlg1",0.000307526725289775,0.335401451074168,0.997,0.979,1
"Cbl",0.000308745684427495,0.283503095510161,0.972,0.946,1
"Antxr2",0.000311138314754346,0.341195671542341,0.248,0.13,1
"Cdk12",0.000311694360630598,0.279224509662805,0.994,0.994,1
"Tmsb4x",0.000332766169293752,0.516095428839543,1,1,1
"Usp38",0.000364251579099519,0.367974942738513,0.288,0.166,1
"Rras2",0.000367348941852437,0.331447505355974,0.313,0.181,1
"Gls",0.000395405104136304,0.251451567585291,1,1,1
"Fndc3a",0.000401591135489928,0.264260253470426,0.994,0.994,1
"Atp9b",0.000402017756627889,0.298310019369801,0.981,0.943,1
"Sos1",0.000406903021176142,0.257485430670428,0.653,0.533,1
"Cd86",0.00043581703380227,0.478116242066666,0.111,0.039,1
"Gstp3",0.000449883936837844,0.485011112788642,0.189,0.096,1
"Txnip",0.000475643432349377,0.276319298238056,0.926,0.898,1
"Pde4b",0.000504185159748736,0.420882021488051,0.981,0.934,1
"Metrnl",0.000524911959302052,0.336460494471218,0.124,0.048,1
"Elmsan1",0.000573081870983691,0.349226068423824,0.929,0.858,1
"Fam107b",0.000600891047326253,0.575335236635956,0.613,0.557,1
"Themis",0.000628959527461076,0.757463570474294,0.39,0.289,1
"Zranb1",0.000671048364803818,0.250055593759737,0.978,0.964,1
"Lncpint",0.000693279766913761,0.337517535421997,1,1,1
"Ptger4",0.000734687942084914,0.585336428640716,0.167,0.084,1
"Cd7",0.000736639175109274,-0.80834782990195,0.093,0.175,1
"Aff1",0.000750044446692696,0.262256392611263,0.972,0.886,1
"Stat3",0.00076247228547498,0.315352675129676,1,1,1
"S100a10",0.000771887024387021,0.312126337153751,1,1,1
"Tmcc1",0.000781492090740556,0.292513850213718,1,0.988,1
"Ttc39c",0.000784792266828375,0.425142300317828,0.167,0.081,1
"Zcchc7",0.000785364938384302,0.272190079555773,1,0.994,1
"Il10ra",0.000793101937580576,0.450986407089252,0.22,0.123,1
"Chd7",0.000810824123338889,0.434399561786858,0.449,0.34,1
"Tasor",0.000896582705031895,0.32829257982829,0.183,0.09,1
"Kdm3b",0.000974275750124032,0.256678313222355,0.198,0.102,1
"Sumo1",0.0010025310740378,0.283783277143514,1,1,1
"Eea1",0.00109077818656604,0.399769758096389,0.991,0.961,1
"Rapgef6",0.00109737764957336,0.26340937051146,1,0.994,1
"Iqgap2",0.00112481466096352,0.292786397874441,0.502,0.346,1
"Tap2",0.0011598493247741,0.389098234304267,0.149,0.072,1
"Setd2",0.0011643103252395,0.267715822082723,0.988,0.97,1
"Agfg1",0.00119915740247454,0.33476956670076,0.997,0.985,1
"Hist1h4c",0.00126724469333008,-0.301387841182067,0.046,0.114,1
"Sp4",0.0015019902832349,0.251422466969451,0.192,0.102,1
"Gm13684",0.00160092119464141,0.407540796305903,0.167,0.087,1
"Traf3",0.00163093988878089,0.286146054490145,0.985,0.988,1
"Pde3b",0.00179405799964492,-0.320671252916775,0.285,0.41,1
"Ankrd33b",0.0017973147731745,0.343683945067954,0.523,0.407,1
"Tmem123",0.00183062300785191,0.441523840794317,0.226,0.136,1
"Fam111a",0.00187176290389676,-0.386005529999873,0.102,0.184,1
"Atp11b",0.00191649043160184,0.304171564146203,1,0.985,1
"Arih2",0.00192095326662221,0.274194925527098,0.988,0.964,1
"Abcb9",0.00192585857858458,0.352063368541187,0.149,0.075,1
"Lrrc8c",0.00197776801439107,0.313859025967152,0.362,0.253,1
"Zfp292",0.00216192103820691,0.345486504198068,1,0.982,1
"Rpgrip1",0.00217727884264474,-0.275300098219335,0.046,0.111,1
"Kcnq5",0.00245912415316911,0.375681844341194,0.975,0.907,1
"Gpatch2l",0.00255309515110712,0.27734063437233,0.121,0.054,1
"Tcf7",0.00288138767866779,-0.352918141822149,0.13,0.22,1
"Nrip1",0.0029361929563285,0.369099205787079,0.935,0.886,1
"Fancc",0.00293981935600663,0.293523483201318,0.127,0.06,1
"Rgs1",0.00323440016741723,0.42790981219763,0.52,0.413,1
"Fnbp1",0.00328924714177352,0.354315268417907,0.997,0.994,1
"Foxp1",0.00330247073898046,0.284437773558784,1,0.997,1
"Lag3",0.00335845184814102,0.629016756494157,0.229,0.148,1
"Map4k4",0.00336666991634576,0.322112416843865,1,0.997,1
"Ppp1r15a",0.00337378827343927,0.457154831522594,0.991,0.97,1
"Rab43",0.00346244001902266,0.292214535888808,0.978,0.952,1
"Rabgap1l",0.00356589909394566,0.261002316902315,0.768,0.56,1
"Cst3",0.00369466949003666,0.499129252079454,1,1,1
"Pear1",0.00392391457496778,0.279283049906717,0.13,0.063,1
"Hist1h4i",0.00396022804380087,-0.344234765922825,0.09,0.163,1
"Dnajb9",0.00402453855649522,0.31143652749277,0.969,0.931,1
"Sipa1",0.00405709855038841,0.267723644132994,0.254,0.16,1
"4933406I18Rik",0.00408245534597485,-0.307216919984265,0.046,0.105,1
"Ssh2",0.00415953999169973,0.278228989451836,0.994,0.982,1
"Hist2h2ac",0.0042846395685034,-0.265353876865153,0.17,0.268,1
"Fcer1g",0.00482821262125552,-0.424250689815857,0.988,0.967,1
"Gtpbp1",0.00483819694183601,0.326202841438477,0.31,0.214,1
"Rhoh",0.00489687053944517,0.367974942738513,0.458,0.367,1
"Itpkb",0.00491440939916266,0.345514784392116,0.978,0.973,1
"Kpna1",0.0050016081628656,0.301141317678388,0.991,0.985,1
"Raet1e",0.00506611191754334,-0.348207444342567,0.13,0.211,1
"Trbc1",0.00552465882772533,-0.290056368826082,0.322,0.431,1
"Ubash3b",0.00589271155278815,0.426601062707382,0.991,0.973,1
"Lcp2",0.00591797913188224,0.319872139709549,0.365,0.268,1
"Med11",0.00632901859911523,0.265689275004592,0.124,0.063,1
"Trp53inp1",0.00648096070673549,0.398103047565476,0.176,0.105,1
"Cytip",0.00650418194769294,0.412401430618045,0.533,0.449,1
"B4galt5",0.0070095079539681,0.25750734393444,0.985,0.955,1
"Smchd1",0.00729755714277511,0.253904448551109,0.997,0.991,1
"Nck2",0.00800897539049648,0.365385431668667,0.173,0.105,1
"Sh3rf1",0.00812043534953853,0.275537340473671,0.907,0.864,1
"Ppp1r21",0.00815946698658235,0.288125386796624,0.13,0.069,1
"Klrb1c",0.0095729544940277,-0.328148164395258,0.09,0.157,1
"Il2ra",0.00992946024449511,0.592074642513865,0.201,0.133,1
"Gm15283",0.0100733803825658,0.339442032496911,0.344,0.253,1
"Clnk",0.0104882705484477,-0.343968651175375,0.065,0.123,1
"Uhrf2",0.0107176009256003,0.26573913788004,0.994,0.979,1
"Nt5e",0.0108986838404483,0.359656565477849,0.108,0.054,1
"Klre1",0.0112942538974084,-0.383751895560471,0.09,0.157,1
"Plcl2",0.0118993878743146,0.32291280748959,0.334,0.25,1
"Fgf13",0.0120976645463281,-0.365215359216434,0.152,0.232,1
"Adamts6",0.0126810287641156,0.26157827915712,0.155,0.09,1
"Nfkb1",0.0128752294791753,0.387829820302557,0.997,0.994,1
"Eml4",0.013010168782134,0.305045213120592,0.988,0.988,1
"Dpp4",0.0139760131030795,0.280894793721507,0.142,0.081,1
"Irf7",0.0141846931838384,-0.263419990983047,0.093,0.157,1
"Inpp5d",0.0143273284804239,0.368271824114371,0.464,0.404,1
"Nr4a3",0.0143571354076601,0.409645611708353,0.985,0.979,1
"Tnfrsf4",0.0150619262598474,0.68588172071486,0.232,0.166,1
"Sp140",0.015469982346003,0.29145622706354,0.142,0.084,1
"Zcchc2",0.0159955761879705,0.338793775896074,0.149,0.09,1
"Cdc14a",0.0159970692408119,0.333539123094499,0.176,0.114,1
"Pdcd1",0.0160222953569764,0.354728505937892,0.186,0.12,1
"Atxn1",0.01606488695417,0.262196801831665,1,1,1
"Atxn7l1",0.0163554492388247,0.267516628055599,0.981,0.964,1
"Rel",0.0164628155512894,0.285362071913763,0.947,0.913,1
"Tnfaip3",0.0168992907727751,0.308793457453716,0.548,0.479,1
"Ly75",0.0171812513524365,0.363538687873648,0.152,0.093,1
"Tspan14",0.0180304133840523,0.358178595078497,0.207,0.142,1
"Slc43a2",0.0189691017135692,0.334527812897445,0.167,0.108,1
"Ncf4",0.0190587600836229,0.287576590096585,0.214,0.148,1
"Vav3",0.0196384794649686,0.307055891247516,0.229,0.163,1
"Slc15a3",0.0199148392404752,0.289854483996856,0.121,0.069,1
"Gimap7",0.0199602276025331,-0.279017050918815,0.276,0.349,1
"Il7r",0.0210905770628642,0.431106519161368,0.319,0.247,1
"Dusp5",0.0231297071018568,0.339322488881767,0.39,0.313,1
"Cd160",0.0234872254483226,-0.306694921693459,0.084,0.139,1
"Zfpm1",0.0241282524097145,-0.283016780991882,0.068,0.117,1
"Mapk8ip3",0.0257504506087356,0.258184022319934,0.13,0.078,1
"Atrnl1",0.0272356949295943,0.280808982864031,0.95,0.928,1
"Hspa1a",0.027363104229908,0.610387463911756,0.449,0.407,1
"Gm20275",0.0283915341074132,0.256535021682904,0.142,0.09,1
"Znrf3",0.0286113902024111,0.300727285521467,0.337,0.265,1
"Sdf4",0.0299155710748859,0.318925295535865,1,0.997,1
"Ptpn22",0.031293417484588,0.297407209982964,0.526,0.497,1
"Ccdc88c",0.0315515556812654,0.257554106997134,0.446,0.37,1
"Zfand2a",0.0317580096757414,0.257472717591392,0.173,0.114,1
"Hist1h2ae",0.0322204504736122,-0.281089166586804,0.991,0.991,1
"Tbc1d1",0.0343712541465893,0.259357413418236,0.994,0.979,1
"Cish",0.0353787731380408,0.307770727844569,0.204,0.148,1
"Bcl2a1b",0.0361071410128393,0.302108818053428,0.337,0.277,1
"Eif2ak3",0.0362388625852054,0.27290382029345,0.774,0.747,1
"Lrba",0.0374219674356973,0.28662202082066,0.96,0.964,1
"Ppp1r9b",0.0378387163163669,0.358113316236791,0.127,0.081,1
"Ccr2",0.0385627381270897,-0.330683650197417,0.248,0.31,1
"Sema4d",0.0389804874527187,0.369090374514139,0.399,0.346,1
"Runx2",0.0454450441694686,0.340107022156479,0.458,0.404,1
"Fermt3",0.0477989607766481,0.322001659686573,0.322,0.262,1
"Fry",0.0488411408997926,0.259007437899815,0.102,0.06,1
"Inpp4b",0.0508145453328227,0.37688442432821,0.988,0.994,1
"Plcl1",0.0510459457966771,0.451505328687164,0.127,0.084,1
"Cd8b1",0.0531659051767625,0.316595789342048,0.226,0.169,1
"Itk",0.054643249968289,0.441413584509668,0.591,0.572,1
"Atf7ip",0.0563158489606433,0.252672608043912,0.988,0.979,1
"Fli1",0.0575622785253732,0.278230438762255,0.505,0.464,1
"Sat1",0.0623662954209389,0.252561742873325,1,0.982,1
"Gem",0.0652770949556392,-0.47881801228125,0.319,0.377,1
"Etv3",0.0660135163802794,0.309182119785535,0.133,0.09,1
"Pag1",0.0662530383467279,0.280763983118968,0.415,0.349,1
"Tnfrsf18",0.0676611797616895,0.532999521369177,0.341,0.295,1
"Gzma",0.0696860047078808,-0.833951886135437,0.118,0.166,1
"Rnf213",0.0712247603828431,0.264805282437927,0.994,0.973,1
"Gm36723",0.0738527522548266,-0.314285126348636,0.136,0.187,1
"Il10",0.0759612291829005,0.29548798108259,0.124,0.081,1
"Isg20",0.0773014582644329,0.377551403269291,0.167,0.123,1
"Klrk1",0.0818134816295013,-0.254729457509176,0.161,0.211,1
"Btbd11",0.0823040069480461,-0.308484088581756,0.105,0.148,1
"Hist1h2ap",0.0866160627353436,-0.623533487911942,0.152,0.196,1
"Gata3",0.0887486384870718,0.374800866696527,0.204,0.16,1
"Hopx",0.0948784781707097,-0.272294929661741,0.127,0.172,1
"Birc3",0.0964745128495127,0.271379362568784,0.316,0.268,1
"Mreg",0.100896774566654,0.263558368112246,0.916,0.91,1
"Pfkfb3",0.101417834365657,0.293590333864269,0.18,0.136,1
"Elmo1",0.104887773450459,0.295271823762294,0.65,0.639,1
"Gm8369",0.10546419518988,-0.311612512192529,0.235,0.28,1
"Kif13b",0.10679836927114,0.251487719828706,0.851,0.831,1
"Dscam",0.112406356759879,-0.256043566542348,0.08,0.117,1
"Tnfrsf9",0.117031942090684,0.37748051299598,0.26,0.217,1
"Map3k14",0.122805559764402,0.445408762343833,0.146,0.108,1
"Plcg1",0.125527594083959,0.253025596179482,0.712,0.723,1
"Nr4a2",0.129628421768963,0.315919309643488,0.387,0.349,1
"Zfp318",0.13083462761498,0.28148926021767,0.142,0.108,1
"Tmem163",0.134088034533952,0.283653428616714,0.269,0.223,1
"Ctla4",0.134592894289778,0.429360089234807,0.443,0.386,1
"Jun",0.139391604023621,0.270467588849264,1,1,1
"Ncoa3",0.154327106909618,0.315387538520295,0.229,0.196,1
"Izumo1r",0.163629562735171,0.284761574489531,0.121,0.09,1
"Jakmip1",0.183094835031329,0.309967208947169,0.155,0.127,1
"Arhgap15",0.194212251313715,0.259340453360753,0.743,0.792,1
"Camk4",0.197815039263311,0.292350252849437,0.43,0.416,1
"Trim26",0.213372746594981,0.327527553464272,0.52,0.521,1
"Cd3d",0.230907354424539,0.287612188024929,0.563,0.572,1
"Bcl2",0.243182559953867,0.392953103470676,0.969,0.949,1
"Gm12840",0.25657733960362,0.266523819191375,0.124,0.096,1
"Tbc1d4",0.271998684530721,0.318881839591487,0.697,0.789,1
"Gfod1",0.288567441142678,0.366387050182679,0.183,0.157,1
"Ikzf2",0.292145386589186,0.490633272338235,0.35,0.325,1
"Neurl3",0.32598257074049,0.255782507517766,0.254,0.229,1
"Tox",0.347608770498444,0.356415466424583,0.362,0.346,1
"Cep85l",0.349943736846345,0.349560206765145,0.108,0.09,1
"Gm47283",0.389041220043982,0.265988682506111,1,1,1
"4930523C07Rik",0.42393564757706,0.275973873027671,0.446,0.443,1
"Chn2",0.425754854700128,-0.250974264059999,0.155,0.175,1
"Rftn1",0.435568538537479,0.33182982814631,0.238,0.223,1
"Il12rb2",0.464791365454506,0.286959130193777,0.195,0.184,1
"Plac8",0.466120723618223,0.277525918598877,0.241,0.229,1
"Dusp10",0.569408438539875,0.271426609053728,0.204,0.196,1
"Tyrobp",0.638146135447803,-0.482934638916469,0.96,0.849,1
"Ighm",0.807778550153284,-0.684255818611459,0.142,0.133,1
"Runx3",0.866105153411841,0.251094367152523,0.381,0.413,1
"Ccl5",0.877267106958719,-0.274339086409822,0.573,0.554,1
"Prf1",0.883925895890243,-0.350866103491775,0.17,0.169,1
