"","B cells naive","B cells memory","Plasma cells","T cells CD8","T cells CD4 naive","T cells CD4 memory resting","T cells CD4 memory activated","T cells follicular helper","T cells regulatory (Tregs)","T cells gamma delta","NK cells resting","NK cells activated","Monocytes","Macrophages M0","Macrophages M1","Macrophages M2","Dendritic cells resting","Dendritic cells activated","Mast cells resting","Mast cells activated","Eosinophils","Neutrophils","P-value","Correlation","RMSE"
"TCGA-76-4932-01A-01R-1850-01",0,0.00125215813162782,0,0,0,0.0869607126877653,0,0,0.00110713277306358,0,0,0.0449781379020633,0.273668984052828,0,0.0220208347709584,0.462760616175248,0,0,0.0414394398666496,0,0.0645225860718401,0.00128939756795614,0.32,0.0334871036901967,1.09793165481984
"TCGA-14-0790-01B-01R-1849-01",0.0110904516957552,0,0,0.0855489054004375,0,0.0253826469757304,0,0.0504426178688496,0,0.0267137125992788,0.00103684789964678,0.00231521202167085,0.148394469822687,0,0.193679409965577,0.419697654398026,0,0,0.0345345430052915,0,0,0.00116352834704976,0.22,0.0588832403673426,1.09165622750959
"TCGA-12-0619-01A-01R-1849-01",0.0107379758474382,0.0127876094510678,0,0.0559159867140288,0,0.0995465143492686,0.0216512089874432,0.0373650759267502,0.0108690106546349,0,0.0407357843546954,0,0.155997817156305,0,0.0310384011395947,0.41114215720409,0,0,0.0337083110180814,0,0,0.0785041471966016,0.14,0.0777952782870335,1.06010555314875
"TCGA-06-0156-01A-02R-1849-01",0.0140676457922283,0,0.00222926080177699,0.0447110565143574,0,0.161574023838885,0,0.0031743361072592,0,0,0.0367140023567326,0,0.0834500402720486,0,0.0296717939616418,0.559444851555865,0,0,0,0.0306810577541851,0,0.0342819310450201,0.16,0.0764736637379942,1.07461674183674
"TCGA-76-4931-01A-01R-1850-01",0,0.0215700446496071,0.00123278418594262,0.0262983159212456,0,0.0817036167341418,0,0,0,0,0.0584911227037334,0,0.0433964239062041,0.402782176054815,0.0473395739228877,0.284543275270837,0,0,0,0.0230723157356843,0,0.00957035091490166,0.04,0.140080690640252,1.07277040700917
"TCGA-06-0686-01A-01R-1849-01",0,0.0255033678818765,0.00158895246644203,0.0217876588599096,0,0.0591859976802935,0,0.0245587830657841,0.0282128279795082,0,0.0768466361076768,0,0,0.385904185813667,0.00894450854067276,0.346635324598381,0,0,0.00458381105168371,0,0.000787424171779965,0.0154605217823255,0,0.304501982353785,0.985031293112783
"TCGA-06-5858-01A-01R-1849-01",0,0.00420665612664343,0.000261797777637921,0,0,0.0366829642322741,0,0.0134508598272144,0.000616290847939537,0.0123489768008851,0,0.0100642092795774,0.148324369919646,0.191803686052321,0.0277637318945852,0.408255276525656,0,0,0,0.0977431536812329,0.0243312552350631,0.0241467717993239,0.02,0.223059113100209,1.02063463215613
"TCGA-32-2615-01A-01R-1850-01",0,0,0.00070680655443047,0.0492138227270883,0,0.172899369496907,0,0.0387007479811169,0.00322395478600534,0,0.014174578559177,0.0151968671620523,0.226018690229939,0.0317573989977078,0.0499931130019432,0.288387947540929,0,0.00326493149732825,0,0.0564486387547296,0.016541678108934,0.0334714546017125,0.3,0.0358184801050805,1.07457988101268
"TCGA-28-5218-01A-01R-1850-01",0.0397950183139569,0,0.00193663144108357,0.145757822652178,0,0,0.0268632743638228,0.045143948707372,0.0611068990857841,0,0.025186365981974,0,0,0.279702059676574,0.0303401804473992,0.311283527424931,0,0,0,0.0254568323920489,0,0.00742743951287593,0.02,0.141946571825555,1.04619692442093
"TCGA-06-2564-01A-01R-1849-01",0.00468311935301387,0.00154346244106691,3.27660828692821e-05,0,0,0.223033962004607,0,0.00802254114712124,0.00722317679680936,0,0.0680525611699284,0.0338769015483251,0.16683337884436,0.157181086716402,0.00325168368978019,0.182472243784715,0.000670804081065177,0,0.108381531042619,0,0,0.0347407812973167,0.08,0.0933726543211902,1.04660623924133
"TCGA-06-2561-01A-02R-1849-01",0,0.0237288663724273,0,0.0436254848023922,0,0.0669242017216534,0.0195307437677539,0.00946036655501668,0.00648288886778766,0,0.00171326883745469,0,0.42403210406402,0.0654003831712333,0.00687247028220612,0.270399724998284,0,0.00150749146260243,0.028007445580495,0,2.54963371201817e-05,0.032289063179554,0.24,0.0564992128756551,1.09323597770451
"TCGA-27-1831-01A-01R-1850-01",0,0,0.00156866501685011,0.0523253128644268,0,0.106201702272101,0,0.0191196843965947,0,0.0398003485847568,0,0.0272199559086365,0.170654498175993,0,0.041821482909674,0.472156437162119,0,0.00160979550731878,0,0.0190647809365298,0.0449842341528625,0.00347310211213681,0.08,0.0956428207624501,1.06036393183895
"TCGA-27-2519-01A-01R-1850-01",0.0272330033000813,0,0.00366401890832079,0.029058337431072,0,0.114385592593481,5.6092544692408e-05,0,0,0,0.0317056878153909,0,0.350268097134324,0,0.0325825557243163,0.400351679069682,0,0,0.00947989727427669,0,0,0.00121503820436244,0.08,0.0932078914079464,1.07001169720191
"TCGA-27-1835-01A-01R-1850-01",0,0.0205035746252507,0,0.038241659909966,0,0.0713464255747284,0,0.0419736402498925,0.0601670602711821,0.00296855232389177,0,0.0506766458959974,0,0.177042919328559,0.0241834537640818,0.418715041218932,0,0,0.0842142397838397,0,0,0.00996678705367926,0.18,0.0664904361137183,1.07398872698001
"TCGA-06-0138-01A-02R-1849-01",0.00307587506445515,0,0.00504463611397428,0.0261473452580545,0,0.0797134318050036,0,0.0255748536459584,0.01420624966359,0,0,0.0559539566138853,0.0860396688445983,0.20597799504589,0.0120203630313169,0.24706843181516,0,0,0,0.181164142007263,0.039455338232806,0.0185577128580453,0.02,0.176404878541202,1.03242270680269
"TCGA-32-1970-01A-01R-1850-01",0.00359426382672084,0,0,0,0,0.146479241139404,0,0.0405254512366185,0.019773543313279,0,0.0676050274660799,0.0222773287698857,0.0848015125551306,0,0.0482631372484824,0.295185825165103,0,0,0.151685950014124,0,0.079033055140062,0.0407756641251105,0.22,0.0596830839241611,1.05230010156207
"TCGA-06-0744-01A-01R-1849-01",0.0201437396664665,0,0,0.0572070792993228,0,0.071702565087751,0,0.0526664145417029,0,0,0,0.0191212442289188,0.192795584889931,0,0.042544533092943,0.494936145311271,0,0,0,0.020462176525403,0.0259532374828178,0.0024672798734716,0.04,0.117605560208518,1.05365029371764
"TCGA-32-2634-01A-01R-1850-01",0,0.0102576192688918,0,0.0138426451071656,0,0.00340552910558879,0,0.0498115357459267,0,0,0,0.0246257848548439,0,0.35571377248359,0.0352791566420708,0.382870262049225,0,0,0,0.0857818211549198,0.0280394843788298,0.0103723892089486,0.02,0.194413847288811,1.05312515264693
"TCGA-12-3652-01A-01R-1849-01",0.0359130217980645,0,0.00542481830974626,0.0932321487538183,0,0.11717821398666,0,0.058778601615983,0.00201983488108766,0.0264996343475802,0.00639656541759367,0,0.0385291413592575,0.0263408913740324,0.0424591911195295,0.53977226791069,0,0,0,0,0.00745566912595742,0,0.26,0.0469118171544863,1.08438178453575
"TCGA-32-2638-01A-01R-1850-01",0,0.00258925715119028,0.00130022737238675,0.0335944881080419,0,0.0952512396869588,0,0.00182398285012096,0,0,0.0299721552084967,0,0.243815749060154,0,0.0759364647980901,0.512814034690982,0,0,0,0,0,0.00290240107357783,0.24,0.0510022029069007,1.09627603303048
"TCGA-06-5412-01A-01R-1849-01",0.0168771048322258,0,0.00198103438297399,0.0164595944482015,0,0.075839415548715,0.00710434642202686,0.00723030249847159,0,0,0,0.0591621747882527,0.317525043394099,0,0.021957191909104,0.419596144255781,0,0,0,0.0255211981199197,0.0181604356877248,0.0125860137125039,0.24,0.0480588425862322,1.09228416081474
"TCGA-19-2619-01A-01R-1850-01",0.0115668554698676,0.00845267129561092,0,0,0,0.0952611061691214,0,0.0460832835338714,0,0,0.0411121709996242,0,0.181955374185584,0.221438242641047,0.0295239587216177,0.18604459522137,0,0.0174033982831633,0,0.0880741088459309,0.0436768511423705,0.0294073834908207,0.1,0.0855532683242432,1.06147399997847
"TCGA-14-1825-01A-01R-1850-01",0,0.0300992221308068,0,0.0163885684994909,0,0.0773969537723527,0,0.0178299404829127,0.0021518513017435,0,0.0350163468002234,0.0389616789844731,0.121970549031326,0.173875812519559,0.0327806119334488,0.330827204343185,0,0,0.0996666313198474,0,0,0.0230346288806312,0.02,0.156389662383872,1.02883221008734
"TCGA-14-0871-01A-01R-1849-01",0,8.80294240538163e-05,0,0.00721523455871065,0,0.299985340899572,0,0.0454879019754334,0,0,0,0.101103701879833,0.0267212903409156,0.180230491311376,0.0386683789956808,0.144460554727631,0,0,0.137341946934115,0,0,0.0186971289526795,0.18,0.0672247565453007,1.06216755063747
"TCGA-26-5139-01A-01R-1850-01",0,0.00351541627140606,0,0,0,0.0681521521995051,0,0,0.00100992425391854,0,0.0773713651798174,0,0.252951140240641,0.137936324983259,0.0184005711859348,0.408600262926761,0,0,0,0.0230313762598108,0,0.00903146649894605,0.1,0.0862233843693455,1.08101212407871
"TCGA-76-4929-01A-01R-1850-01",0,0.0201043062738076,0,0.0247068983906676,0,0.0196567290211755,0,0.0142924846719017,0.0168184315199397,0,0.00142364534648933,0.01431794823116,0.0448527262138091,0.205538547900436,0.020672098903453,0.459726647628914,0,0,0.112801195828967,0,0.026228425969448,0.0188599140998311,0.04,0.115608054906722,1.06798335503848
"TCGA-27-1837-01A-01R-1850-01",0.00356180480640808,0.0189420158995333,0,0,0,0.180663981616502,0,0.00582720890036681,0.0119278677362258,0,0.102996729261949,0.0462012715309696,0.154227818644876,0.0639840345919244,0.184105780851457,0.155908424548462,0.0100914965248343,0,0.0531217246396942,0,0.000507104681347647,0.00793273576544985,0.12,0.0828570844292092,1.06552924759295
"TCGA-06-5859-01A-01R-1849-01",0.0484940107305734,0,0.00339124522300439,0.0156114233988706,0,0.163008480993745,0,0.00544489193767794,0,0.0182526634591945,0,0.00923559867185387,0.147490917037169,0,0.0309993442789673,0.521687382194159,0,0,0,0.0312731763119795,0.00145405528748961,0.00365681047531568,0.02,0.155330985623386,1.03609749394006
"TCGA-28-5215-01A-01R-1850-01",0.0342858313905601,0,0.0148603019990736,0.029696912693143,0,0.038891884113125,0,0.0486492007121931,0,0,0,0.0408958143260038,0.231064067656523,0.081597199077711,0.0572378748204954,0.27990475878077,0,0,0,0.113077978305606,0.0282035394932704,0.00163463663152572,0.04,0.119203522061196,1.0445513677681
"TCGA-06-5415-01A-01R-1849-01",0.0289532082198484,0,0.000712786017890652,0.10155185159394,0,0.133367412189169,0,0.0181981442398405,0,0.000935900666838824,0.00261540214909104,0,0.0690130504549975,0.222410288297082,0.0364177824821295,0.368015727701576,0,0,0,0.0160747026470432,0,0.00173374334055424,0.02,0.151207482690951,1.04172224930806
"TCGA-15-0742-01A-01R-1850-01",0.00329077022648685,0.00599649093327304,0.000927501436609924,0,0,0.105920761542807,0.000684260579234606,0.0478468519337461,0.0393053686311091,0,0.109791009868079,0.0128826500041892,0.0474368638118832,0.251850910140372,0.0096821806635118,0.281277117216691,0,0,0,0.00359615758325606,0,0.0795111054287515,0.04,0.102274355807348,1.06400877525862
"TCGA-19-5960-01A-11R-1850-01",0,0.0215093546348682,0.0107903675761928,0.0274885838995074,0,0.169863451080284,0,0.13754997948446,0,0,0.0101526110903779,0.0958271483316479,0.109365641843927,0,0.0388912635793238,0.315771392153372,0.00562135963110307,0,0,0.0110825631425681,0.0460862835523669,0,0.32,0.0329264396535364,1.07416200437827
"TCGA-06-5418-01A-01R-1849-01",0,0.0161429656281229,0,0,0,0.0652558218627679,0,0.0178719481505546,0.00670119488758051,0,0.0690874331111725,0,0.244567590236698,0.0684094831910415,0.00117102822397175,0.42331257004984,0,0,0,0.0300396498039229,0.00731162769358615,0.0501286871607408,0.24,0.056856616233452,1.08938815295749
"TCGA-27-2528-01A-01R-1850-01",0.00163442426629873,0.000985165929236774,1.14133548984291e-05,0,0,0.0590102220332127,0,0.0434900031479975,0.0177247772714989,0,0.0648803752604575,0,0.00855380034723109,0.475524786024193,0.0133105646500457,0.273004031636248,0,0,0,0.0418704360786817,0,0,0.02,0.198808182418295,1.05667726666105
"TCGA-41-4097-01A-01R-1850-01",0,0.0132052012218223,0.000174899851621274,0.0397652018699993,0,0.121330737864732,0.0239589729403184,0.00607557591301921,0.035336636844386,0,0.0868936949971428,0,0.0640922003038236,0,0.0104559022358594,0.500125135150662,0.00789626564245516,0,0,0.0477301402049068,0,0.042959434959252,0.26,0.0449568023856409,1.07921082422611
"TCGA-19-2624-01A-01R-1850-01",0.00801329594135214,0,0,0.024363308994012,0,0.0515476309962766,0,0.133533785706705,0,0,0,0.0633459322610383,0.0764904865320819,0.0497112831288318,0.0845193500082042,0.317573163651816,0,0,0,0.15488358226745,0.0360181805122322,0,0.38,0.023472125919935,1.08763727321597
"TCGA-06-1804-01A-01R-1849-01",0,0.0150208563023763,0.0152031861844627,0.024569048273782,0,0.0929190395464583,0,0.0186264431377438,0.0288067729324665,0,0.049792084980559,0,0.0113087556068138,0.100753937406038,0.205443759135137,0.198592973455878,0.012870206860286,0,0.0865391350069425,0,0,0.139553801171057,0.04,0.107497340278626,1.06294690266717
"TCGA-28-5216-01A-01R-1850-01",0,0.00247562539853082,0,0.0261150357017033,0,0.152607471321271,0,0.0145803458147911,0.00802825457457763,0,0.0760967056487091,0.0187846313086269,0.194202076006143,0.0438934531817042,0.00479426457860533,0.306589237746006,0,0,0,0.0612007568814094,0.0801955472222515,0.0104365946156699,0.22,0.0610492339503813,1.06349399634467
"TCGA-41-5651-01A-01R-1850-01",0.0267116729811316,0,0,0.0928332777327376,0,0.0236875500408932,0,0.0353181548909002,0,0,0.0144101288876973,0.00417898782744977,0.0526651823146577,0.372121306267494,0.0721919689042658,0.275904495463238,0,0,0,0,0,0.0299772746895338,0.04,0.128285721120016,1.07244265449303
"TCGA-06-0190-01A-01R-1849-01",0,0.000570603842835939,0,0.00768501508745292,0,0.0441506380778552,0,0.0444961024996081,0.00159805370366227,0.0276587218002447,0,0.0116187486192287,0.0873890388543858,0.284434341564036,0.0206962251822314,0.294495295228148,0,0,0,0.144595666639467,0,0.0306115489008436,0.04,0.125602223481321,1.06987842399007
"TCGA-32-2616-01A-01R-1850-01",0,0.0187077172801295,0.00151895547347978,0.0439801552467183,0,0.0932363838335842,0,0.021116685690849,0.0291897605017644,0,0.0256473442378411,0.0318907653617587,0.00510856096365799,0.33826402458844,0.00487886336666624,0.334717384192599,0,0,0.0371387059164318,0,0,0.0146046933460796,0.02,0.208426853989154,1.02627870146317
"TCGA-02-2483-01A-01R-1849-01",0.00935168069220509,0,0,0.0198728521500176,0,0.047733752913818,0,0.0202582768695995,0,0.00921983678135692,0,0.0214661950665972,0.217228628904768,0.0449886858054921,0.0366839887870953,0.457909143941751,0,0,0,0.072538374024838,0.0206437515668189,0.0221048324956427,0,0.307031886561654,0.969415340865501
"TCGA-06-5413-01A-01R-1849-01",0.00284892647142181,0.0262331040009627,0,0.0381365935579963,0,0.0799779657618161,0.0121436918372304,0,0.00961626862997466,0,0.0463256392104888,0,0.104689970565586,0,0.00927738235655405,0.592850082940606,0,0,0.0367510848506268,0,0,0.0411492898167361,0.02,0.210643165015812,1.01686744432701
"TCGA-14-1823-01A-01R-1849-01",0.0100743268732177,0.00794906662177289,0.000325085474324952,0.0496357319468204,0,0.142045930550034,0.01612350294267,0,0.0143210343016914,0,0.0473650767487051,0,0.30608667208164,0,0.0339728695575417,0.319743763626803,0.000738847978712105,0,0,0.0283009080862994,0.00264339627626387,0.0206737869335038,0.4,0.0217934374193485,1.08643428164596
"TCGA-76-4926-01B-01R-1850-01",0,0.0166258521214084,0.00575636186221867,0.0339444950793181,0,0.100462246212783,0,0.0169852089379567,0.0210135838288303,0,0.0155096419120564,0.021259271234278,0.251903553676336,0.018295252111888,0.0214596005150747,0.314566490419547,0,0.00174227436785281,0.140670007796033,0,0,0.0198061599244187,0.1,0.084797450049705,1.05188977835523
"TCGA-14-0781-01B-01R-1849-01",0.0517494728938259,0,0.00846597824514948,0,0,0.157037749649419,0.0251212404404098,0,0.0176851709067394,0,0.0930447164846942,0,0.239901709983199,0,0.000445539658403099,0.347245510430396,0,0.00420865961149411,0,0.0272567700296097,0,0.0278374816666612,0.48,0.0180961568747186,1.08160449353736
"TCGA-26-5136-01B-01R-1850-01",0.0143834692079722,0.0197440003488099,0,0.0328728216512313,0,0.148790699787334,0,0.0100134106366988,0.042297331098794,0,0.022615527532076,0,0.186125785865745,0,0.0290388504166267,0.419332752286771,0,0,0,0.0442677013363598,0,0.0305176498315814,0.18,0.0656910974468813,1.066740451658
"TCGA-12-5299-01A-02R-1849-01",0.00377163358027102,0,0.00169165199230806,0.0289024211885381,0,0.174593930937592,0,0.0137455367313979,0.00658564086360546,0,0.0600486393062191,0.0332196177529705,0.270379232669215,0,0.0469733369411117,0.307065718534185,0,0.00239603560052554,0.00984696299295577,0,0,0.0407796409091053,0.3,0.0353837667373915,1.08050490939051
"TCGA-02-2486-01A-01R-1849-01",0.00686927369763671,0.0114179535938769,0,0.110513350540248,0,0.00990371076435492,0.0307828056589205,0,0.025833483787292,0,0.0361422030335156,0,0.3775457333725,0,0.0294142678673076,0.248135229630178,0.00342226328375319,0.00665731038304455,0.0645089256972015,0,0,0.0388534886901717,0.36,0.026699549162805,1.08822921232307
"TCGA-19-2629-01A-01R-1850-01",0.00301353440785566,0.014179476667516,0,0,0,0.117484936907049,0,0,0.00916855704568194,0.00517953011123539,0,0.0249363415005926,0.30029528382878,0,0.0285939280835667,0.377637026459428,0,0.00237249794014911,0.111047509199299,0,0.00121521207997286,0.00487616576887436,0.02,0.2054326585657,1.0101910737151
"TCGA-27-2521-01A-01R-1850-01",0.0102132540437939,0,0.0122145320007105,0,0.0112195828383072,0.0137111955043006,0.0112503845007366,0,0,0.0197815267938627,0.011762600032921,0,0.260890282128474,0,0.010364862738685,0.559895491621268,0,0,0.0710788460874796,0,0,0.00761744170946084,0.04,0.134419542034221,1.06515883828432
"TCGA-28-5204-01A-01R-1850-01",0.000790602106247439,0.0188158820841857,0,0,0,0.211974697306488,0,0.0177611573125216,0.00721534957625179,0,0.0335187484079329,0.00237306819304568,0.0832993479670034,0.0128858379546855,0.0955499616032076,0.471558501136208,0,0.0103255236958078,0.0175669897139152,0,0,0.0163643329424995,0.24,0.0568326741197189,1.07494578735592
"TCGA-06-0219-01A-01R-1849-01",0,0.000178069523803919,0,0.0328331312072688,0,0.0952702539494071,0,0.0171745497721235,0,0,0,0.0639712415439156,0.218954218838175,0,0.0533736558448548,0.399999660436039,0,0,0,0.0594569848566461,0.0359526259814361,0.0228356080463298,0.16,0.077037760594493,1.06827827707062
"TCGA-12-3653-01A-01R-1849-01",0,0.00169983907300788,0,0,0,0.270266813736362,0,0.0109939437977683,0.00412890758895093,0,0,0.0330868649418382,0.111935137249772,0.00855132037082775,0.0713395337631069,0.305498346931649,0,0.00529872755870589,0.157904532740238,0,0,0.0192960322477732,0.04,0.11271137353467,1.03576473169288
"TCGA-06-0644-01A-02R-1849-01",0.00327804469661756,0,0,0.0327072952566101,0,0.143762661775426,0.00155489381561982,0,0.0265913126720892,0,0.015992989585831,0,0.0949867016731813,0.201914040268941,0.0232376157209687,0.411419687806526,0.0157595324202959,0,0.0240676743307191,0,0,0.00472754997717443,0.02,0.156799726879797,1.04217140165
"TCGA-06-2562-01A-01R-1849-01",0.00332676297499116,0.00604242211024196,0.000162067288449797,0.0336340145687149,0,0.0814533033728888,0,0.0227097179599727,0.0269711958031879,0,0.117332798366859,0,0.119666895744979,0.28448074959284,0.00574012692789178,0.230186327399174,0,0,0,0.0474379494697486,0,0.0208556684200609,0.04,0.109477871583424,1.06029600817807
"TCGA-06-0184-01A-01R-1849-01",0.00277393961965615,0,0.00539488753863998,0.0388929059303628,0,0.0783075536705244,0,0.0099873467621199,0.00393991888396648,0,0,0.068540147425613,0.267436643863375,0,0.00383845586600262,0.426314802665307,0,0,0,0.0551394411891128,2.50098681663045e-06,0.0394314555985028,0.28,0.040389021586452,1.09388264447845
"TCGA-26-5133-01A-01R-1850-01",0.0620516569616801,0,0,0.127801395460618,0,0.0259135133297714,0,0.0145218642468837,0.0122539032687545,0,0.00750530817734708,0.035423664892451,0.172890450184602,0,0.0334517450812958,0.412323689107192,0.0007160696966903,0,0.0914446884296056,0,0,0.00370205116310844,0.18,0.0655715320034308,1.06011595992041
"TCGA-12-5295-01A-01R-1849-01",0.0164630197270235,0,0,0.0760409231969677,0,0.156577246911972,0.00586574870869076,0.00791682732811967,0.00104154666007602,0.00363770670550363,0.0209176983446499,0,0.0839284618037426,0,0.0249812128754358,0.566710819286906,0,0,0.0223236061084566,0,0.0129259086181867,0.000669273724268857,0.18,0.0681228210650155,1.07683776051776
"TCGA-28-5220-01A-01R-1850-01",0.00279932361825469,0.00460564031030646,0,0.0386128997614068,0,0.0694318085196918,0.000688841034360067,0,0.00723046066504079,0,0.0151447146205003,0,0.284330976502891,0,0.046502141640676,0.416200590574103,0,0,0.109281307463447,0,0,0.00517129528932223,0,0.231863022097379,1.00072564213692
"TCGA-06-5416-01A-01R-1849-01",0.00365894869100462,0.00508999270757182,0,0.181851542995357,0,0.00863312355968822,0,0.0429860854809072,0,0,0.0580896698281166,0.00325470244912089,0.0110577316468201,0.480087568007693,0.0261208037658296,0.157499020833715,0,0,0.00888723929844521,0,0,0.01278357073573,0.02,0.216163254447499,1.03519139784635
"TCGA-06-0745-01A-01R-1849-01",0.00137733482723441,0.00211017493446357,0,0,0,0.0815776194567957,0,0.0191008635741162,0.00703001985929986,0,0.0466443036062735,0.00756411566403522,0.0535608209065489,0.207754654014677,0.0212611419102581,0.457100425999724,0,0,0,0.0604721443807041,0.0195799397904881,0.0148664410753815,0,0.339806757579369,0.956853490876425
"TCGA-02-0047-01A-01R-1849-01",0.00219407610973109,0.009920755213759,0,0,0,0.0768007449393773,0,0.0299907670941191,0.027320626020036,0,0.047625320189791,0.0023582602411163,0.0354760761521211,0.336928707709551,0.0131031762295181,0.403901993035514,0,0,0,0.00132958707767859,0,0.0130499099876872,0,0.429447466253786,0.911738578194234
"TCGA-76-4925-01A-01R-1850-01",0.010474699340347,0,0,0.0542874136838321,0,0.015227656723959,0,0.0086849750945617,0.0218012285042147,0,0.0296413822810193,0,0.113228228370099,0.290817606030452,0.0473417842163601,0.360716110398184,0,0,0,0.0124517560450441,0.0104818839988052,0.024845275313123,0.04,0.115784360154344,1.07597815840289
"TCGA-02-0055-01A-01R-1849-01",0,0,0.00133127277531742,0.0212892414987769,0,0.164903721616071,0.0072542691930683,0,0,0,0.00154990809925065,0.0321052802432902,0.267539653281917,0.017672883995717,0.014076398645407,0.339771069841964,0,0.0201016781274965,0,0.0718507911319465,0,0.0405538315497771,0.08,0.0944583169420014,1.059236297477
"TCGA-27-2524-01A-01R-1850-01",0.00205711009003174,0,0.00135676508815631,0,0,0.00825940367163616,0.0137696510346359,0.0508648057193334,0.0234824567513979,0.0137391270160617,0.0552698830885164,0,0,0.515014998478615,0.0173038755374405,0.191919580165075,0,0,0,0.0941526110189999,0.00495839995822885,0.00785133238187149,0,0.239417399976126,1.03761403910078
"TCGA-14-2554-01A-01R-1850-01",0.000567722541796682,0.00303034656638112,0,0.0614172543531991,0,0.189719299184941,0.00591258220899708,0,0.00865571696426939,0,0.0459530850237145,0.00862699709254599,0.262991089952508,0,0.00767149815145044,0.331174426048191,0,0.00517052231214717,0,0.0313283296323876,0.0269735065333108,0.0108076234341608,0.34,0.0285955960139823,1.08091157221631
"TCGA-06-2569-01A-01R-1849-01",0.0666893021242078,0,0.00382954029590452,0.0405304201663801,0,0.139055569184128,0,0.0634552860355138,0.00156805992893422,0,0,0.0267029268953953,0,0.209991706859909,0.0332526471596341,0.403634837364926,0,0,0,0,0,0.0112897039850679,0.0600000000000001,0.0965796283087962,1.06622162972234
"TCGA-19-1390-01A-01R-1850-01",0,0,0,0.0367362853214542,0,0.186560280468657,0.019599765893043,0.000341793359198163,0.0253235944723786,0,0.123735823642703,0.0687089418154257,0.166169296106638,0.134514914558371,0.0128736614155498,0.029101099255881,0,0,0.0807371321570262,0,0.000344318097163701,0.11525309343651,0.62,0.00245936709656423,1.09891296645489
"TCGA-06-0157-01A-01R-1849-01",0.00968352075583332,0.00505533225043876,0,0.0131552926597598,0,0.146367786692424,0,0,0,0.0083119016807054,0.0393587701151938,0,0.150238588593138,0.0372961894576629,0.0574727395451765,0.476177152844163,0,0,0.0249840515874481,0,0,0.031898673818056,0.1,0.0837201932372075,1.06761435119529
"TCGA-16-1045-01B-01R-1850-01",0.0134281228251789,0,0,0.0211118980133788,0,0.0719619150801156,0.0131003318963361,0,0.0087164030215153,0,0.0620333756734149,0,0.142795923324186,0,0.0262986868506933,0.574310466228979,0,0,0.0451627064252999,0,0,0.0210801706609026,0.22,0.0598545268968437,1.08666143219324
"TCGA-41-2572-01A-01R-1850-01",0,0.00724892359486616,0,0,0,0.0815280531311446,0,0.00815683707839947,0.00550705121641469,0.0084905796353879,0,0.0473605865895805,0.107720325694442,0.104723881649444,0.0442151337375636,0.324501919835419,0,0,0.221615094814837,0,0.0264626680706419,0.0124689449518599,0.18,0.0685248768207982,1.06315359806839
"TCGA-06-2570-01A-01R-1849-01",0.0139265899770204,0,0.000708971856579086,0,0,0.0385972334737122,0,0.00230680844747357,0,0,0.0280725817990048,0,0.141463786083436,0.198680712385554,0.0355073724646305,0.431601706023565,0,0,0.0239222803386184,0,0.0258349647758706,0.0593769923745344,0,0.338136922876118,0.96034132769841
"TCGA-06-2563-01A-01R-1849-01",0.0011274244610426,0,0,0,0,0.197391878515336,0,0.0165059173239505,0.0457641342897357,0.0179894186250003,0,0.026124664938892,0,0.13703171194456,0.146713844275181,0.301630442549657,0,0,0.0605346149379182,0,0,0.0491859481387258,0.04,0.136881725045299,1.04162678859171
"TCGA-27-1830-01A-01R-1850-01",0.0287446194985656,0,0.00448961741047915,0.0438194201073522,0,0.00516562193229897,0,0.0464689320258665,0.00137040998300333,0.00736654763552885,0,0.0420170949463484,0.0798953952680569,0.199724676859928,0.0326442460949627,0.258389335540888,0,0,0,0.186730484837822,0.0314512419947987,0.031722355864101,0.02,0.216597511101511,1.01398373133141
"TCGA-26-5135-01A-01R-1850-01",0.00914660121545873,0.00783108790761541,0,0.0261091706341046,0,0.0699709242212045,0,0.00471551822401903,0.0334245920332826,0,0.0482346103545945,0.0143018577138152,0.0018244352943096,0.487724475962523,0.0231869239607515,0.224796843361383,0,0,0,0.0332129847820435,0,0.0155199743348947,0.02,0.216982666402901,1.04318867775443
"TCGA-06-0125-01A-01R-1849-01",0,0.00149267283044274,0.0013762020533917,0.0420719938153424,0,0.0283687895879992,0,0.0326163314809562,0.00661697306912704,0,0.0149074488931574,0.00737158152312953,0.109250702150609,0.246427162109509,0.0485698143334721,0.359790416501528,0,0,0.0426425232058225,0,0.0226840175665835,0.03581337087893,0.04,0.111205391367309,1.06780394133479
"TCGA-06-0646-01A-01R-1849-01",0.000818535549693499,0,0,0.000790085765981395,0,0.0191218230334913,0,0.0226557225560837,0,0,0,0.0374887429056353,0.292665860644519,0.106082030207486,0.0414781907943594,0.142902296170764,0,0,0,0.259136022750778,0.0696410765062758,0.00721961311493232,0.16,0.0744512780350277,1.09479051883476
"TCGA-06-0211-01A-01R-1849-01",0.00130726317860268,0.0129545069465037,0,0,0,0.0856661953796486,0,0,0.00913219552704371,0,0.0197023910889944,0,0,0.42696472552523,0.0020371844052761,0.396106645935139,0,0,0.0148782092304906,0,0,0.0312506827830714,0.02,0.195367303768515,1.0663303217454
"TCGA-41-2571-01A-01R-1850-01",0.0398087732691154,0,0.00723781109116889,0.0482203080959805,0,0,0,0.043727092730026,0,0,0,0.0329532403310039,0.0815672675287222,0.201100059230843,0.0239519572528586,0.253160212015001,0,0,0,0.226022858034233,0.0363998641941372,0.00585055622691093,0.02,0.153323643397171,1.04888272339662
"TCGA-02-2485-01A-01R-1849-01",0.0227492960660747,0,0.000332345976789903,0.0415323322547207,0,0.106419088369335,0,0.128954907430877,0,0.0325643366304791,0,0.0464277210718777,0.126815932143353,0.017144738592528,0.0722306284590974,0.261044515806699,0,0.0238893940977311,0,0.104009960869941,0.0158848022304959,0,0.04,0.124783445512198,1.03467573953599
"TCGA-06-0132-01A-02R-1849-01",0.0242142405963159,0,0.000220273863512401,0.0292159348323794,0,0.0608796174121111,0,0.00976329604911623,0,0,0.00657960795480787,0.00177325301526274,0.317363845681866,0,0.028733921090363,0.471307455946313,0,0,0,0.0432226570113697,0,0.00672589654658226,0.02,0.163406250632114,1.04522569277045
"TCGA-06-0141-01A-01R-1849-01",0.00860742900379561,0,0,0.0132418839613805,0,0.0668616279000717,0,0,0,0,0.0489829528847023,0,0.199482293780736,0.06574114303644,0.0107670670352472,0.516931345275116,0,0.0117780576076578,0.019466225382468,0,0,0.0381399741323855,0.04,0.112352611420078,1.07100089237657
"TCGA-14-0787-01A-01R-1849-01",0,0.0164027771099777,0,0.0509179008158671,0,0.0703979816591736,0.00437751053370561,0.00360448097044374,0.00514303655983953,0,0,0.02492215273447,0.186385423138844,0.0648327314940348,0.0664546531048266,0.397785945204989,0,0,0.0921627224809996,0,0,0.0166126841928282,0.14,0.0778960054740305,1.06382351656668
"TCGA-06-0187-01A-01R-1849-01",0,0.00292674852715219,0.000268188455375627,0.0297793596288625,0,0.10282236576699,0,0,0.0126715924643692,0,0.114823962874282,0,0.125712051785859,0.0635257707566945,0.0143300784845164,0.343066960149923,0,0.00156525603972652,0,0.129434075445958,0,0.0590735896202908,0.24,0.0539571483182961,1.07569615169136
"TCGA-76-4927-01A-01R-1850-01",0.00266065459678652,0.0219954877786951,0,0.0407903767848853,0,0.142360042147177,0,0.0155800352809773,0.0348799516633953,0,0.0911616639993734,0,0.168857308178613,0.0851060337591674,0.0230524959165485,0.346464130631082,0,0,0.00584558180915857,0,0,0.0212462374541398,0.16,0.0727504745712882,1.06152927972608
"TCGA-06-2559-01A-01R-1849-01",0,0.0134461366667144,0,0.02031112981627,0,0.0930402333363329,0,0.0203437236768697,0.0174309142913109,0,0.0236361124879886,0.0137414451096168,0.0041136557600567,0.313535570311952,0.0208853473731852,0.41943158062039,0,0,0,0.0200232560171726,0,0.0200608945321408,0.02,0.175403412046062,1.05225297093124
"TCGA-06-0743-01A-01R-1849-01",0.0388359514181438,0,0.00109306469895608,0.100133906290122,0,0.038226537412806,0,0.0410852679310017,0.00974450551437895,0,0.0209784682416747,0,0.119558226567305,0.207733156099614,0.0572311443857644,0.349977150068428,0,0,0.00584636507922776,0,0,0.00955625629257839,0.02,0.184066328465591,1.02381716705367
"TCGA-28-2499-01A-01R-1850-01",0.00347208371995461,0,0,0.0481177069213504,0,0.123974927946371,0,0.00956708166061892,0.0215155860096304,0,0.0603408105598826,0.00385830132839228,0.117539369393221,0,0.0237437440278643,0.469581579366635,0,0,0.108325038809558,0,0,0.00996377025652011,0.26,0.0446493171467762,1.0727616802673
"TCGA-28-2509-01A-01R-1850-01",0,0.0194205320511346,0,0.0550055206922566,0,0.131038354536841,0.0122880420472235,0.0129138379960984,0,0,0.0744100025422615,0,0.248746042959181,0,0,0.227037262786394,0.0127550455572517,0.00497766483948295,0.168716454519057,0,0.00830846347888822,0.02438277599393,0.52,0.0083705598303986,1.07602476428586
"TCGA-06-0878-01A-01R-1849-01",0.00143454881917053,0.0135031932254181,0,0,0,0.0662344815790412,0,0.0239789902557949,0.0258424753066601,0.0330813107387377,0.0719799928626615,0,0,0.492512702406901,0.0138099054691183,0.150964807894569,0,0,0,0.0869728986265154,0.00329665276854616,0.0163880400468665,0.02,0.150596953198843,1.0758334246892
"TCGA-28-5208-01A-01R-1850-01",0.0234145283935547,0,0.00343952756458135,0,0,0.0594319327972991,0,0.0537266830280245,0.0049216609688546,0.0408332768745481,0,0.0413152702134583,0.235649053388783,0.0570477713285106,0.0341483373035844,0.33530616254679,0,0,0.104189781152369,0,0,0.00657601443964281,0.04,0.130164266013433,1.03604249115496
"TCGA-06-0645-01A-01R-1849-01",0.00707140024008655,0.00559416328375806,0,0,0,0.0862832793181751,0,0.011685886881565,0.0151608226427752,0,0.0541159892404903,0,0.243448341806226,0.0143347158614124,0.0140338152198878,0.351671295813608,0,0,0,0.161250741818846,0.012280091948294,0.0230694559248758,0.24,0.0496850760517191,1.08332794092824
"TCGA-28-5207-01A-01R-1850-01",0.0170409231308819,0,0,0.0285871366317669,0,0.0897878570777718,0,0.0305324282304607,0,0,0,0.062102195230969,0.194468538513932,0,0.0564004753947392,0.314747061055928,0,0.0195049424276308,0,0.0625553958352109,0.118070121496381,0.00620292497432749,0.04,0.135132646738438,1.03350939998468
"TCGA-16-0846-01A-01R-1850-01",0.00501188505889541,0,0.000433084127558573,0.11818327137664,0,0.0715744205832289,0.00218212757874452,0.0140891679974375,0.00743905997189858,0,0.00870206199676179,0.0159595422867293,0.113878258971087,0,0.157043318948333,0.391477226240255,0.00329735822386498,0,0,0.0708299710080727,0.0168923865209071,0.00300685910958569,0,0.232783217734212,1.00095822344945
"TCGA-12-0616-01A-01R-1849-01",0.0337101852580685,0,0.00105127593993376,0.170297112032708,0,0.125413096924373,0,0.0595130017260145,0.000285214694783515,0,0,0.00239544637124126,0.160308936114506,0,0.0623571358425114,0.350763247196422,0,0.000192186310422466,0.0171824268651073,0,0,0.0165307347239089,0.04,0.141677595279623,1.03078927383471
"TCGA-06-0749-01A-01R-1849-01",0,0.0565763115350199,0,0.0467516861613825,0,0.127580824938152,0,0.0311894149288465,0,0,0,0.0879476163812798,0.107737038299409,0.178984581503812,0.0018341874999643,0.281963765787608,0,0,0,0.0369380166011707,0.0302460433707436,0.0122505129926122,0.02,0.170015165056636,1.02284395950051
"TCGA-19-4065-01A-01R-2005-01",0,0.084884724145501,0,0,0,0.0677491583753373,0,0.0152569164678067,0,0,0,0.0217961048893066,0.203219026298046,0,0.00577444261348372,0.556625093894222,0.0050960028170982,0,0,0.0211388902066993,0.00479957923954465,0.0136600610529549,0.16,0.0738660662706473,1.0864581806234
"TCGA-06-0238-01A-02R-1849-01",0.0178855430618884,0,0.000832245411926363,0.0180379322154303,0,0.0611898157738381,0,0.0261941552656321,0,0.0269060103086558,0,0.0398009542074389,0.132549955791162,0,0.0239969555246622,0.511787087938329,0,0,0,0.065920334835385,0.0717067584807149,0.00319225118493721,0.02,0.189073097775454,1.02227830774671
"TCGA-06-2567-01A-01R-1849-01",0,0,0,0.00744369745349297,0,0.085109469385766,0,0.047023434634257,0,0,0,0.0864070304290473,0.309215364046818,0.0361017422975408,0.0236829483227009,0.253652300457572,0,0,0,0.0273078571895586,0.00429664656599313,0.119759509217253,0.02,0.177369372162708,1.03331250618281
"TCGA-32-4213-01A-01R-1850-01",0.00207369518077603,0,0.000413714734198253,0.0093655759737558,0,0.140659529877602,0,0.021398763795214,0.0155874979115231,0.00325482235953859,0.00825420546494955,0,0.0683614867258892,0.100730496522768,0.117142488074129,0.452645563508674,0,0,0.0406509840803622,0,0,0.0194611757906205,0.14,0.0773319184125072,1.07556231545979
"TCGA-28-2510-01A-01R-1850-01",0.00430182503484713,0,0,0.0434893336810161,0,0.17604662921793,0,0.0186893779436222,0.0158284708286423,0,0.0848880760714854,0.0197607757011186,0.170222935931162,0.188111888102837,0.0123290532346755,0.197785519817198,0,0,0,0.00190292283299768,0,0.0666431916024694,0.04,0.136204903174274,1.0398111906006
"TCGA-15-1444-01A-02R-1850-01",0.000655907281706679,0,0,0.00121207365834421,0,0.0536963454932356,0,0.012084672517047,0,0,0,0.025215350109018,0.447365115030773,0,0.027392696071191,0.318810546041827,0,0,0,0.0666171672087681,0.0267815588406437,0.0201685677474457,0.02,0.228369676440345,1.01842932147119
"TCGA-14-1034-01A-01R-1849-01",0.023033409074198,0,0.00030168342897955,0.0164582566691424,0,0.0889431252714805,0,0.00236613665569806,0,0,0.0153159913337977,0,0.436612422071971,0.0298820857350329,0.0282334546422903,0.317449901876665,0,0,0.0191954193159291,0,0,0.0222081139248151,0.24,0.0493238302882594,1.10178150262125
"TCGA-19-1787-01B-01R-1850-01",0.00466268481523205,0.00568687498132717,0,0.00471649119904658,0,0.113888496030126,0,0.00926580024744683,0,0,0.0361562180038009,0,0.106849919713911,0.223254037762318,0.0843179350245521,0.367350845587842,0,0,0.0355517783070142,0,0.00515509580742635,0.00314382251995796,0.02,0.184420852728733,1.02935923256115
"TCGA-27-1834-01A-01R-1850-01",0,0.0262814893337506,0,0.0437258176854628,0,0.0956073847974896,0,0.0244231372932217,0.0111849665701115,0,0.0110949793825888,0,0.300499877196085,0,0.0562150664736401,0.378187550470997,0,0.00508480959385011,0.0226983509634974,0,0.00902749177325051,0.0159690784660546,0.02,0.221599903772606,1.00433384604864
"TCGA-19-2620-01A-01R-1850-01",0,0,0,0.019594173503362,0,0.0409784556726773,0,0.0462268933988823,0,0,0,0.0553848693184082,0.380354642398078,0.0412016165551316,0.0556818088658732,0.161383106654616,0,0,0,0.158116523387879,0.040506184181564,0.000571726063529015,0.48,0.0187481885520769,1.10287532158859
"TCGA-06-5414-01A-01R-1849-01",0.0021618344501273,0.00157013510015221,0,0.0275356780560821,0,0.107592144655266,0,0.0121913473047044,0.0280832074407821,0,0.0828374395222567,0,0.11014564172739,0.158364226417854,0.0211146391885683,0.393078098286996,0,0,0,0.0323281590633325,0,0.0229974487864884,0.08,0.0924851275009946,1.06461225727222
"TCGA-06-5856-01A-01R-1849-01",0.00911273051349432,0,0.00139659107812722,0,0,0.0546158743632704,0,0.0070372187532147,0,0,0.00308115089081958,0.0160257570069204,0.26034480475961,0.0332794675228075,0.0371366332508809,0.519748950048803,0,0,0.0438625219133662,0,0,0.0143582998986852,0.18,0.0647134657150689,1.09700854404228
"TCGA-06-5408-01A-01R-1849-01",0.000433998833055427,0.00398321396440137,0.0070335232537919,0.00805985473265598,0,0.0171269389446478,0,0.0298279772215434,0.0239165133611295,0.0190156755923908,0,0.0750672394857251,0.121102148555487,0.0263477718188512,0.0269639849479941,0.476934787409521,0.0140254255994387,0,0.074974374563666,0,0,0.0751865717157014,0.26,0.0411200620125965,1.08812214507068
"TCGA-06-5417-01A-01R-1849-01",0,0,0,0,0.0260255956171092,0.0974197056897543,0,0.00470332722888317,0,0,0.00388743408794633,0.0124850396225895,0.074916012788069,0,0.00291885897833906,0.635152664153177,0,0,0.113687371174779,0,0,0.0288039906593538,0.08,0.0963324056470946,1.07776342604544
"TCGA-12-3650-01A-01R-1849-01",0,0.00160112095993794,0,0,0,0.0618930045899504,0,0.0133287606182556,0.00444914644581571,0,0.00878612660648024,0,0.0702794537831997,0.0760614584218971,0.00237344200089347,0.660476968849325,0,0,0.0896971589123638,0,0,0.0110533588118815,0.02,0.169898682069006,1.05665825991655
"TCGA-06-2557-01A-01R-1849-01",0.0328341857351835,0,0.00809135238551598,0.0441819510249986,0,0.0899284238503471,0,0.0430328599428448,0.00432342248033135,0.0204110715185251,0,0.0593946307789025,0.219671440968631,0,0.0682363480190558,0.37567611619991,0,0,0,0.026032978306739,0.00415175806589759,0.00403346072311762,0.14,0.0792947642910884,1.06062526579644
"TCGA-26-5134-01A-01R-1850-01",0,0.00318985218251648,0,0.00578111129345359,0,0.0848396015088281,0,0.0242120087548368,0,0,0.0208785044165678,0.00195730942249795,0,0.38528619106024,0.0869196022897563,0.3724718443981,0,0,0.00510789269951709,0,0.00530946146231537,0.00404662051137039,0.02,0.176493485193885,1.0646290923293
"TCGA-14-0789-01A-01R-1849-01",0.000787991089416507,0.00804965302728472,0,0.0219964649691526,0,0.0720234689333971,0,0.00932375914253073,0.0376595161707417,0,0.162924092822813,0,0.0876628453066725,0.234740119358403,0.00336788206769191,0.208289972918491,0,0,0,0.132239772074737,0.00566590718619901,0.0152685549324699,0.1,0.0851125962414114,1.06999894849264
"TCGA-27-2523-01A-01R-1850-01",0.0292907278050779,0,0,0.0243356622233961,0,0.00801343812493268,0,0.0143725884876723,0,0.00377273588567698,0.000380335437568295,0.00353068554554751,0,0.453945416750651,0.0224305805615241,0.399860213473438,0,0,0.0270916414662538,0,0.012975974238261,0,0.02,0.201066590888704,1.07006871201825
"TCGA-06-0178-01A-01R-1849-01",0.0151191022451517,0,0,0.0230090353679385,0,0.0410247346540796,0,0.0188011339820654,0,0.00433094280760693,0,0.0339359182297285,0.150558478703796,0,0.0151469428453744,0.554035228987258,0,0,0,0.108345217896596,0.0158461488205444,0.0198471154598601,0,0.281385459032509,0.985815520888339
"TCGA-14-1829-01A-01R-1850-01",0.0041394798278586,0,0.000304164691432546,0.0188594784710198,0,0.121800226371072,0,0.0167917121830311,0,0.00295016599329338,0.0111093918948652,0,0.295568087583389,0,0.033697322684111,0.383107429867649,0,0,0,0.0112708848606226,0.0932566817688261,0.00714497380282968,0.26,0.0447672360487541,1.08580062075643
"TCGA-06-2558-01A-01R-1849-01",0,0.00796411188407734,0.000871114223191472,0.0163021914122387,0,0.0530246211160096,0,0.0158245991346369,0.00623351737061548,0,0.0553043472325762,0,0.153988020209307,0.164812363283345,0.0112977889642454,0.40128857520076,0.00438874743313521,0,0,0.0546322241335116,0.000130486779568165,0.0539372916227821,0,0.245449316143456,1.0020083405853
"TCGA-14-0817-01A-01R-1849-01",0.00416551216607311,0.00016893762337307,0.000835936807349912,0,0,0.0362658113456441,0,0.0244704974743074,0.00982103515864028,0.0228106808233737,0,0.0291090622116391,0.205664890213956,0.0207749786268722,0.0234068375616763,0.450310155479374,0,0,0,0.140792677124275,0.0063700662610502,0.0250329211223954,0.04,0.114288528488856,1.06514192781668
"TCGA-28-2513-01A-01R-1850-01",0.00926845008956918,0.00570137284969968,0,0,0,0.154661176355502,0,0,0.00934863909191117,0.00897152718566054,0,0.0245162164744744,0.110677959491577,0.0221554701828049,0.112123945539206,0.447613453258927,0,0.0175257236025641,0.0650872696680928,0,0.000298021037247047,0.012050775172764,0.24,0.0488855166231053,1.07902510535871
"TCGA-08-0386-01A-01R-1849-01",0,0.00481317589281065,0.00033947435605041,0,0.0299292915230333,0.0844929946591716,0,0.0211290719857618,0.00372917826921739,0,0.109217469749944,0,0.239393153383869,0.162573175431921,0.0147207274378624,0.0966158494421351,0,0,0.0831914742034712,0,0.0443498431107178,0.105505120554035,0.14,0.080062425115636,1.06141698753723
"TCGA-32-1980-01A-01R-1850-01",0.0127538809585103,0,0.000300775225658497,0.0154470575372476,0,0.0495652438078062,0,0.0208067176196141,0,0,0,0.0461445223162747,0.173929333383784,0.256194265346652,0.0331451296644847,0.325156376426364,0,0,0,0.0632961816239669,0.00326051608963678,0,0.02,0.143375234851139,1.055635923037
"TCGA-06-0129-01A-01R-1849-01",0.0589989324215462,0,0.000292527339237156,0.0140534045091032,0,0.0976634364595144,0,0.00460259342417739,0,0,0,0.0554380789318819,0.218217467187341,0,0.0328210404284026,0.433020843355501,0,0,0,0.0815680040230338,0.0019191259873352,0.0014045459329265,0,0.253645950333398,0.989248023064445
"TCGA-12-0821-01A-01R-1849-01",0.000580812242427647,0.00888418221127801,0,0.0367311444667141,0,0.0417202017777203,0,0.0348838367295251,0.0400398404322688,0,0.0631741937608078,0,0.00407347891173742,0.469738052610519,0.0188920971536898,0.263807515483912,0,0,0.0105026039145744,0,0,0.00697204030482522,0,0.30601426590433,0.990473706772073
"TCGA-32-5222-01A-01R-1850-01",0,0,0,0,0,0.0951735777532713,0,0.00624156944814762,0,0,0,0.0390419369795176,0.254927873828063,0,0.031832779882838,0.472805073843004,0,0,0,0,0.0681331347390243,0.031844053526134,0.02,0.174410076872579,1.03671147657164
"TCGA-28-5213-01A-01R-1850-01",0.00131735353784705,0.00741485967510775,0,0.0619534050273899,0,0.0626906642461244,0.0185871926399079,0,0.0355265773561292,0,0.0561236925821928,0,0.288570672244993,0,0.00955726136738889,0.268806924240681,0,0.000187100102019691,0,0.078862378164348,0,0.11040191881587,0.24,0.0558357197481266,1.08062506120794
"TCGA-26-1442-01A-01R-1850-01",0.00123760779345837,0.00483342977001803,0,0.027431853096941,0,0.082178467143164,0,0.0122320324213025,0.0721956750539162,0,0.0673029627859107,0.0142275834101,0.266234410924187,0.00410778558264166,0.0270380644800181,0.209615327443274,0,0,0.211183151187765,0,0.000181648907303672,0,0.12,0.0809273329206257,1.05042790491829
"TCGA-06-0882-01A-01R-1849-01",0.00113068372272093,0,0.000483511380130949,0.0364179375846954,0,0.122741865825748,0,0.00852346700003379,0.00822192149631283,0,0.0435293216872611,0.0108547103342775,0.334453801609864,0,0.00951181490811592,0.406036203893568,0,0.00103702297696134,0.000525908925223732,0,0.000108394893279255,0.0164234337618071,0.14,0.0797437286315434,1.07735437016396
"TCGA-06-0158-01A-01R-1849-01",0,0.014598856779992,0,0,0,0.0949990631613313,0,0.0260744607344346,0.0400362278439523,0,0.0640929056251046,0,0.0388805070870942,0.334377606137124,0.0119896156538204,0.344217041417313,0,0,0,0.00545018474408725,0,0.0252835308157461,0.02,0.160465293861173,1.05358503280802
"TCGA-06-0174-01A-01R-1849-01",0.00421516098128054,0,0,0,0,0.0407173634148097,0,0.00295894358720462,0,0,0.0185615370714741,0.0025092757373003,0.0579280364403301,0.440625248882147,0.0530756872168004,0.336045315807374,0,0,0.00571445748763582,0,0,0.0376489733736434,0.02,0.205162002346338,1.06160130839557
"TCGA-76-4928-01B-01R-1850-01",0.00849781315385587,0,0.0106542297167387,0.037676457172562,0,0.105192332277159,0.0751948417277912,0.0107911716646111,0.0184902775511103,0,0.0672643681847664,0,0.313104841606434,0.0200235563317057,0.00391938024539444,0.269618555980355,0.00904422366998157,0,0.0267756320111822,0,0,0.0237523187063527,0.48,0.0172798222764206,1.08220618566145
"TCGA-06-0130-01A-01R-1849-01",0.00861544258972976,0,0.00127060408840951,0.00391347183843536,0,0.179314015768294,0,0.00437031681944712,0.0203197424126005,0.0311259433960275,0,0.0406323213941887,0.189650999746537,0,0.107288727607674,0.397872915086806,0.00735257028767772,0,0,0.00372506480782839,0,0.00454786415634391,0,0.387834198349398,0.923770780535551
"TCGA-41-3915-01A-01R-1850-01",0.00951741609945345,0.00391479879546214,0,0.0539531648976363,0,0.0627135563674013,0.0196128259982772,0,0.00758270571288699,0,0.0205143119802075,0,0.150372057894346,0.0596538234465258,0.0175538900917495,0.457004586273457,0,0,0,0.0406772281615903,0,0.0969296342810065,0.04,0.116916365552192,1.06061057074663
"TCGA-06-0139-01A-01R-1849-01",0.0128135481431485,0,0.002420782852577,0.0618311096930514,0,0,0,0.042685838408173,0,0,0,0.0159309154360729,0.16358810180543,0.0494130701172848,0.041314935896003,0.529676832336854,0.00723998405687099,0,0.0103786058670549,0,0,0.0627062753874798,0.02,0.187053626183025,1.03448450576346
"TCGA-28-2514-01A-02R-1850-01",0.00785770166212657,0.00208852098005661,0,0,0,0.241732138318111,0,0.0127203674188199,0.0115166391238,0,0.10634235533012,0.0435031950099531,0.0333096245309262,0.258929067697752,0.025811394213958,0.141109208813796,0,0,0.0650197313485584,0,0,0.050060055552023,0.0600000000000001,0.101128111580294,1.05412454406086
"TCGA-28-1747-01C-01R-1850-01",0.00346723216151876,0,0.000994651392030707,0.0228663165684885,0,0.188716037273292,0,0,0.0106265460950123,0,0.0114543642957553,0.0362825582824846,0.309580013282954,0,0.0642991350378667,0.255852125502186,0,0,0.0492691224232056,0,0.0411774370383517,0.00541446064685326,0.04,0.109410649904903,1.0450259447783
"TCGA-06-2565-01A-01R-1849-01",0.00152976403811695,0,0,0.0427822790733647,0,0.128463977567849,0,0.0132126409473888,0.0370499301696803,0,0,0.0213507398809887,0.00671024287883131,0.0369739016462047,0.0643165295516391,0.543225994779519,0.00297871605876245,0,0.101405283407655,0,0,0,0.08,0.0908466829018104,1.06481108656174
"TCGA-12-0618-01A-01R-1849-01",0,0.0123778307925856,0,0,0,0.162534094424516,0,0.066661414028078,0.00110560071224816,0,0.164725733934247,0.00196349151947451,0.10014547069014,0.0798119882148829,0.000701850103870491,0.251224787909305,0.0101541198427718,0,0.0890315453305237,0,0,0.0595620724973567,0.3,0.0374643702050829,1.06829235760075
"TCGA-06-0210-01A-01R-1849-01",0,0.0222649435457741,0.00370024435267189,0.00445822751047273,0.00484346547135505,0.0499415186361379,0.0226593057144371,0,0.00329555912657963,0,0.0797413306104252,0,0.268527935010499,0,0,0.393804266502128,0,0,0.0082691120965104,0,0,0.138494091423009,0.24,0.0474432143871414,1.10103497079856
"TCGA-06-0750-01A-01R-1849-01",0.0114838242453715,0,0.00521203650695709,0.0242702274034449,0,0.0861147638532398,0,0.0234293462898287,0.00270114146078497,0,0,0.0596080871463252,0.16551853037045,0.0592600374873445,0.0900711500016997,0.348292764783837,0,0,0,0.0336868273894915,0.0141046194666089,0.0762466435946162,0.24,0.0511196124902329,1.07999460267425
"TCGA-12-1597-01B-01R-1849-01",0.0355757203923075,0,0.000853768073834857,0.00110476782983983,0,0.0492936481740927,0,0.038005314637594,0,0,0,0.044875182519363,0.268433134638028,0,0.0167537998808529,0.515597002812409,0,0,0,0.0119183343628387,0.0175893266788401,0,0.02,0.172267607339052,1.0396489959212
"TCGA-06-0747-01A-01R-1849-01",0,0.0149571351647742,0.00109404715578121,0.0915442155719107,0,0.0860337570487998,0,0.107389317887246,0.00634855006492955,0,0.10482502126956,0.0265087293648445,0.123400055159383,0,0.00855090602102666,0.239375800343319,0,0.00926874178440007,0,0.12846331087249,0,0.0522404122915347,0.52,0.0101068948766049,1.08620306966808
"TCGA-27-2526-01A-01R-1850-01",0.00640338453613515,0,0.00478047701614244,0.139875422944718,0,0.151699361435576,0,0.065094398484722,0.00879506947128146,0,0,0.0358519904687421,0.0409371780187763,0,0.138335891543189,0.305290309105866,0.014513675175021,0,0.0815170423927568,0,0.00307584330436227,0.00382995610271165,0.18,0.0661118588359788,1.06433639482855
"TCGA-06-0211-01B-01R-1849-01",0.0101779138755853,0,0,0.00143478727329178,0,0.0378039742650137,0,0.00135386570744398,0,0,0.0352496974720261,0,0.0468340923275583,0.267749359573147,0.0236598101718595,0.541981033038055,0,0,0.0238604765789073,0,0,0.00989498971711169,0.02,0.207345258902472,1.04906902614945
"TCGA-06-5410-01A-01R-1849-01",0.006672924031896,0.00608219124589286,0,0.0200085729180974,0,0.0232683815005054,0.0140344479197874,0,0.0119586098902854,0,0.0678939192157609,0,0.169599218583041,0,0.00401134726270635,0.587830004571439,0.00256099860881714,0,0,0.0322634756371848,0,0.053815908614586,0.02,0.145876549704338,1.05838512752849
"TCGA-28-5209-01A-01R-1850-01",0,0.00607569583809655,0,0,0,0.069827608552642,0,0.0150533166058927,0.0194797996980402,0,0.053731814759787,0,0.0150548255335512,0.442550006532793,0.0390183885357816,0.332489383572278,0,0,0,0,0,0.00671916037113767,0.02,0.177219047825172,1.06879481625236
"TCGA-26-5132-01A-01R-1850-01",0.0153108109437398,0,0.00621225370705791,0.0470420044548623,0,0.078223773034582,0,0.0641956768034536,0.0142555061247871,0,0.0188036500086466,0.00417016171415196,0.146915259869225,0.0983638600960237,0.0571072301895555,0.416791219743288,0,0,0.0326085933106268,0,0,0,0.04,0.113996482939592,1.04917737124695
"TCGA-32-1982-01A-01R-1850-01",0.0122974991010233,0,0,0.0402580181340962,0,0.1525023348401,0,0.041248555940926,0,0.01825213348711,0,0.0736712481144348,0.153265642059422,0,0.0282230235784856,0.323455467610592,0,0.00138441252266298,0,0.114928640128245,0.0211594716696507,0.0193535528132509,0.26,0.042565204847031,1.07355771550285
"TCGA-28-1753-01A-01R-1850-01",0,0.0140161064335724,0,0.0185932698331507,0,0.00684121889944531,0.0103047079142986,0.0180834130066327,0.0143961746276068,0,0,0.00055864325604674,0,0.479430343162659,0.00826493641511401,0.42079416847864,0.00120159480567886,0,0,0.00539394549348765,0,0.00212147767366784,0,0.551699336511003,0.841960186373148
"TCGA-19-2625-01A-01R-1850-01",0,0.0292237644903266,0.00415901762289371,0.0224378845937953,0,0.0780322122789397,0,0.0416247696303371,0.028509211358553,0,0.10418250719238,0.000848738323741342,0.230930564137322,0.0748395003417221,0.00881001425761614,0.145374945158994,0,0,0.0529519534660076,0,0.140870503416387,0.0372044137309838,0.34,0.0275461807514733,1.06961324938806
"TCGA-27-1832-01A-01R-1850-01",0.0124788922366337,0,0.00496025897866401,0.0576916285798246,0,0.157647893598037,0,0.0217220765295117,0.03614472205058,0,0.0209028264421942,0,0.373508742958299,0,0.0262492236218526,0.288541938084407,0,0.000151796919995249,0,0,0,0,0.5,0.0168509230475938,1.09533860855051
"TCGA-32-2632-01A-01R-1850-01",0.00567144717641906,0.00883473421078957,0,0.0664527361209507,0,0.125163842589642,0,0.00418535074249493,0.0337323154026281,0,0,0.0353105507099237,0.165660877568979,0,0.0316224837291618,0.430860978456502,0,0,0.0708535452094919,0,0.00271519498145988,0.018935943101557,0.24,0.0564686541874635,1.0676032405642
"TCGA-06-5411-01A-01R-1849-01",0.00187076635825356,0.0129425254995368,0,0.0540500087837462,0,0.0553924252757759,0.0135178327182951,0.00436541530565929,0.00580835359036384,0,0.086752083322429,0,0.381947170687175,0,0.0281879178215863,0.303749204768345,0.00516858588221356,0,0.0111201031576361,0,0,0.0351276068289841,0.02,0.151947427134312,1.04189684381766
"TCGA-06-0156-01A-03R-1849-01",0,0.00153981001082107,0.0027427216583936,0.0398278983516061,0,0.124358199560009,0.00763870222582043,0,0.00455871893696821,0,0.121177885287119,0,0.109708762810024,0.0141947078858152,0.0251286698151015,0.37358801344035,0,0,0,0.127165021553807,0,0.0483708884641648,0.18,0.0647219667243958,1.06808821641218
"TCGA-06-0649-01B-01R-1849-01",0.0439014228520181,0,0.0277095417920834,0.0552966059105342,0,0.052826991783146,0,0.0300805337042149,0,0,0,0.0280937784334259,0.282593722683573,0,0.00946651748043623,0.434062399259356,0,0,0,0.029360253771721,0,0.00660823232949101,0.04,0.127814176616493,1.04927958362342
"TCGA-06-0168-01A-01R-1849-01",0,0,0.000197047976296914,0.0238521880643665,0,0.0980384443885218,0,0.011428428476043,0.00470238988262887,0,0.0360892729571789,0,0.220417692862049,0.101917614583417,0.0348554824683863,0.44721729534495,0,0,0,0.00441226597660237,0,0.0168718770195594,0.18,0.0663625648979136,1.0863429110788
